-- -------------------------------------------------------------
-- TablePlus 2.3(227)
--
-- https://tableplus.com/
--
-- Database: university
-- Generation Time: 2019-05-15 09:04:50.0270
-- -------------------------------------------------------------


/*!40101 SET @OLD_CHARACTER_SET_CLIENT=@@CHARACTER_SET_CLIENT */;
/*!40101 SET @OLD_CHARACTER_SET_RESULTS=@@CHARACTER_SET_RESULTS */;
/*!40101 SET @OLD_COLLATION_CONNECTION=@@COLLATION_CONNECTION */;
/*!40101 SET NAMES utf8mb4 */;
/*!40103 SET @OLD_TIME_ZONE=@@TIME_ZONE */;
/*!40103 SET TIME_ZONE='+00:00' */;
/*!40014 SET @OLD_UNIQUE_CHECKS=@@UNIQUE_CHECKS, UNIQUE_CHECKS=0 */;
/*!40014 SET @OLD_FOREIGN_KEY_CHECKS=@@FOREIGN_KEY_CHECKS, FOREIGN_KEY_CHECKS=0 */;
/*!40101 SET @OLD_SQL_MODE=@@SQL_MODE, SQL_MODE='NO_AUTO_VALUE_ON_ZERO' */;
/*!40111 SET @OLD_SQL_NOTES=@@SQL_NOTES, SQL_NOTES=0 */;


DROP TABLE IF EXISTS `projects`;
CREATE TABLE `projects` (
  `shortcode` varchar(255) NOT NULL,
  `created_at` timestamp NULL DEFAULT NULL,
  `updated_at` timestamp NULL DEFAULT NULL,
  `deleted_at` timestamp NULL DEFAULT NULL,
  `name` varchar(255) DEFAULT NULL,
  PRIMARY KEY (`shortcode`),
  KEY `idx_projects_deleted_at` (`deleted_at`)
) ENGINE=InnoDB DEFAULT CHARSET=latin1;

DROP TABLE IF EXISTS `sprint_comments`;
CREATE TABLE `sprint_comments` (
  `id` int(10) unsigned NOT NULL AUTO_INCREMENT,
  `project_code` varchar(255) DEFAULT NULL,
  `type` varchar(255) DEFAULT NULL,
  `message` text,
  `created_at` timestamp NULL DEFAULT NULL,
  `author_id` int(11) DEFAULT NULL,
  `sprint_id` int(10) unsigned DEFAULT NULL,
  `resolved_id` int(10) unsigned DEFAULT NULL,
  PRIMARY KEY (`id`)
) ENGINE=InnoDB AUTO_INCREMENT=16 DEFAULT CHARSET=latin1;

DROP TABLE IF EXISTS `sprints`;
CREATE TABLE `sprints` (
  `id` int(10) unsigned NOT NULL AUTO_INCREMENT,
  `started_at` timestamp NULL DEFAULT NULL,
  `end_at` timestamp NULL DEFAULT NULL,
  `name` varchar(255) DEFAULT NULL,
  `project_code` varchar(255) DEFAULT NULL,
  `duration` int(11) DEFAULT NULL,
  PRIMARY KEY (`id`)
) ENGINE=InnoDB AUTO_INCREMENT=21 DEFAULT CHARSET=latin1;

DROP TABLE IF EXISTS `ticket_comments`;
CREATE TABLE `ticket_comments` (
  `id` int(11) NOT NULL AUTO_INCREMENT,
  `project_code` varchar(255) DEFAULT NULL,
  `ticket_id` int(10) unsigned DEFAULT NULL,
  `body` varchar(255) DEFAULT NULL,
  `created_at` timestamp NULL DEFAULT NULL,
  `updated_at` timestamp NULL DEFAULT NULL,
  `deleted_at` timestamp NULL DEFAULT NULL,
  `user_id` int(11) DEFAULT NULL,
  PRIMARY KEY (`id`),
  KEY `idx_ticket_comments_deleted_at` (`deleted_at`)
) ENGINE=InnoDB AUTO_INCREMENT=5 DEFAULT CHARSET=latin1;

DROP TABLE IF EXISTS `ticket_histories`;
CREATE TABLE `ticket_histories` (
  `id` int(11) NOT NULL AUTO_INCREMENT,
  `project_code` varchar(255) DEFAULT NULL,
  `ticket_id` int(11) DEFAULT NULL,
  `sprint_id` int(11) DEFAULT NULL,
  `type` enum('sprint','title','assignee','weight','location','status','reprioritised') NOT NULL,
  `old` varchar(255) DEFAULT NULL,
  `new` varchar(255) DEFAULT NULL,
  `created_at` timestamp NULL DEFAULT NULL,
  `updated_at` timestamp NULL DEFAULT NULL,
  `deleted_at` timestamp NULL DEFAULT NULL,
  `internal` tinyint(1) DEFAULT NULL,
  PRIMARY KEY (`id`),
  KEY `idx_ticket_histories_deleted_at` (`deleted_at`)
) ENGINE=InnoDB AUTO_INCREMENT=889 DEFAULT CHARSET=latin1;

DROP TABLE IF EXISTS `tickets`;
CREATE TABLE `tickets` (
  `id` int(11) NOT NULL AUTO_INCREMENT,
  `project_code` varchar(255) DEFAULT NULL,
  `title` varchar(255) DEFAULT NULL,
  `body` text,
  `location_type` enum('sprint','backlog','pending') NOT NULL,
  `previous_ticket` int(11) DEFAULT NULL,
  `workflow_id` int(11) DEFAULT NULL,
  `sprint_id` int(11) DEFAULT NULL,
  `created_at` timestamp NULL DEFAULT NULL,
  `updated_at` timestamp NULL DEFAULT NULL,
  `deleted_at` timestamp NULL DEFAULT NULL,
  `creator_user_id` int(11) DEFAULT NULL,
  `assignee_user_id` int(11) DEFAULT NULL,
  `workflow_position` int(11) DEFAULT NULL,
  `weight` int(11) DEFAULT NULL,
  `status` enum('open','in-progress','closed') NOT NULL,
  `category` varchar(255) DEFAULT NULL,
  PRIMARY KEY (`id`),
  KEY `idx_tickets_deleted_at` (`deleted_at`)
) ENGINE=InnoDB AUTO_INCREMENT=194 DEFAULT CHARSET=latin1;

DROP TABLE IF EXISTS `users`;
CREATE TABLE `users` (
  `id` int(10) unsigned NOT NULL AUTO_INCREMENT,
  `created_at` timestamp NULL DEFAULT NULL,
  `updated_at` timestamp NULL DEFAULT NULL,
  `deleted_at` timestamp NULL DEFAULT NULL,
  `username` varchar(255) DEFAULT NULL,
  `email` varchar(255) DEFAULT NULL,
  `password` varchar(255) DEFAULT NULL,
  `first_name` varchar(255) DEFAULT NULL,
  `last_name` varchar(255) DEFAULT NULL,
  `reset_token` varchar(255) DEFAULT NULL,
  `active` tinyint(1) DEFAULT NULL,
  `disabled` tinyint(1) DEFAULT NULL,
  `role` varchar(255) DEFAULT NULL,
  PRIMARY KEY (`id`),
  KEY `idx_users_deleted_at` (`deleted_at`)
) ENGINE=InnoDB AUTO_INCREMENT=8 DEFAULT CHARSET=latin1;

DROP TABLE IF EXISTS `workflow_deps`;
CREATE TABLE `workflow_deps` (
  `workflow_rule_id` int(10) unsigned NOT NULL,
  `destination_workflow` int(10) unsigned NOT NULL,
  PRIMARY KEY (`workflow_rule_id`,`destination_workflow`)
) ENGINE=InnoDB DEFAULT CHARSET=latin1;

DROP TABLE IF EXISTS `workflow_rules`;
CREATE TABLE `workflow_rules` (
  `id` int(10) unsigned NOT NULL AUTO_INCREMENT,
  `created_at` timestamp NULL DEFAULT NULL,
  `updated_at` timestamp NULL DEFAULT NULL,
  `deleted_at` timestamp NULL DEFAULT NULL,
  `name` varchar(255) DEFAULT NULL,
  `max_items` int(10) unsigned DEFAULT NULL,
  `order` int(10) unsigned DEFAULT NULL,
  `status` enum('open','in-progress','closed') NOT NULL,
  PRIMARY KEY (`id`),
  KEY `idx_workflow_rules_deleted_at` (`deleted_at`)
) ENGINE=InnoDB AUTO_INCREMENT=15 DEFAULT CHARSET=latin1;

INSERT INTO `projects` (`shortcode`, `created_at`, `updated_at`, `deleted_at`, `name`) VALUES ('LT', '2018-11-09 05:23:34', '2018-11-09 05:23:34', NULL, 'Luke\'s Project'),
('TST', '2018-11-09 05:23:34', '2018-11-09 05:23:34', NULL, 'Testing Project');

INSERT INTO `sprint_comments` (`id`, `project_code`, `type`, `message`, `created_at`, `author_id`, `sprint_id`, `resolved_id`) VALUES ('8', 'LT', 'bad', 'Tickets were in QA for a long time.', '2019-05-15 06:40:27', '1', '1', '1'),
('9', 'LT', 'bad', 'Tickets weren\'t strictly outlined, meaning duplicate work', '2019-05-15 06:40:49', '2', '1', '0'),
('10', 'LT', 'good', 'We developed the initial prototype quickly', '2019-05-15 06:41:00', '3', '1', '1'),
('11', 'LT', 'bad', 'Lots of regressions occurred, QA should be stricter.', '2019-05-15 06:41:25', '4', '2', '0'),
('12', 'LT', 'good', 'Authentication flows developed feel solid!', '2019-05-15 06:41:43', '3', '2', '0'),
('13', 'LT', 'good', 'Application overall feels solid! We\'re ready to move into features.', '2019-05-15 06:42:25', '2', '3', '0'),
('14', 'LT', 'good', 'QA times have improved.', '2019-05-15 06:42:32', '1', '3', '0'),
('15', 'LT', 'bad', 'We\'re continuing to see regressions, we should run a bug sprint.', '2019-05-15 06:42:47', '1', '3', '0');

INSERT INTO `sprints` (`id`, `started_at`, `end_at`, `name`, `project_code`, `duration`) VALUES ('1', '2019-03-20 08:59:00', '2019-04-03 08:59:00', 'Interface Design', 'LT', '2'),
('2', '2019-04-03 09:00:00', '2019-04-17 08:59:00', 'Initial Implementation', 'LT', '2'),
('3', '2019-04-17 09:00:00', '2019-05-01 08:59:00', 'Implementation', 'LT', '2'),
('4', '2019-05-15 06:36:00', '2019-05-29 06:36:00', 'Implementation and bugs', 'LT', '2');

INSERT INTO `ticket_comments` (`id`, `project_code`, `ticket_id`, `body`, `created_at`, `updated_at`, `deleted_at`, `user_id`) VALUES ('3', 'LT', '85', '<p>I think we should consider using a material theme.</p>', '2019-05-02 19:55:48', '2019-05-02 19:55:48', NULL, '1'),
('4', 'LT', '86', '<p>I\'ve committed the initial implementation of this.</p>', '2019-05-15 06:33:06', '2019-05-15 06:33:06', NULL, '5');

INSERT INTO `ticket_histories` (`id`, `project_code`, `ticket_id`, `sprint_id`, `type`, `old`, `new`, `created_at`, `updated_at`, `deleted_at`, `internal`) VALUES ('383', 'LT', '88', '4', X'6c6f636174696f6e', '11', '6', '2019-05-15 06:30:40', '2019-05-15 06:30:40', NULL, '1'),
('384', 'LT', '88', '4', X'737072696e74', '', '4', '2019-05-15 06:30:40', '2019-05-15 06:30:40', NULL, NULL),
('385', 'LT', '88', '4', X'776569676874', '', '0', '2019-05-15 06:30:40', '2019-05-15 06:30:40', NULL, '1'),
('386', 'LT', '88', '4', X'7469746c65', '', 'Implement user accounts API', '2019-05-15 06:30:40', '2019-05-15 06:30:40', NULL, '1'),
('387', 'LT', '88', '4', X'737461747573', '', 'in-progress', '2019-05-15 06:30:40', '2019-05-15 06:30:40', NULL, '1'),
('391', 'LT', '88', '4', X'6c6f636174696f6e', '0', '6', '2019-05-15 06:31:23', '2019-05-15 06:31:23', NULL, '1'),
('393', 'LT', '88', '4', X'776569676874', '', '5', '2019-05-15 06:31:23', '2019-05-15 06:31:23', NULL, '1'),
('394', 'LT', '88', '4', X'7469746c65', '', 'Implement user accounts API', '2019-05-15 06:31:23', '2019-05-15 06:31:23', NULL, '1'),
('395', 'LT', '88', '4', X'737461747573', '', 'in-progress', '2019-05-15 06:31:23', '2019-05-15 06:31:23', NULL, '1'),
('399', 'LT', '88', '4', X'6c6f636174696f6e', '0', '6', '2019-05-15 06:31:24', '2019-05-15 06:31:24', NULL, '1'),
('401', 'LT', '88', '4', X'776569676874', '', '5', '2019-05-15 06:31:24', '2019-05-15 06:31:24', NULL, '1'),
('402', 'LT', '88', '4', X'7469746c65', '', 'Implement user accounts API', '2019-05-15 06:31:24', '2019-05-15 06:31:24', NULL, '1'),
('403', 'LT', '88', '4', X'737461747573', '', 'in-progress', '2019-05-15 06:31:24', '2019-05-15 06:31:24', NULL, '1'),
('404', 'LT', '85', '4', X'6c6f636174696f6e', '12', '6', '2019-05-15 06:31:26', '2019-05-15 06:31:26', NULL, '1'),
('408', 'LT', '88', '4', X'6c6f636174696f6e', '0', '6', '2019-05-15 06:31:26', '2019-05-15 06:31:26', NULL, '1'),
('410', 'LT', '88', '4', X'776569676874', '', '5', '2019-05-15 06:31:26', '2019-05-15 06:31:26', NULL, '1'),
('411', 'LT', '88', '4', X'7469746c65', '', 'Implement user accounts API', '2019-05-15 06:31:26', '2019-05-15 06:31:26', NULL, '1'),
('412', 'LT', '88', '4', X'737461747573', '', 'in-progress', '2019-05-15 06:31:26', '2019-05-15 06:31:26', NULL, '1'),
('413', 'LT', '167', '4', X'6c6f636174696f6e', '0', '6', '2019-05-15 06:31:43', '2019-05-15 06:31:43', NULL, '1'),
('417', 'LT', '85', '4', X'6c6f636174696f6e', '0', '6', '2019-05-15 06:31:43', '2019-05-15 06:31:43', NULL, '1'),
('419', 'LT', '85', '4', X'776569676874', '', '5', '2019-05-15 06:31:43', '2019-05-15 06:31:43', NULL, '1'),
('420', 'LT', '85', '4', X'7469746c65', '', 'Design user interface', '2019-05-15 06:31:43', '2019-05-15 06:31:43', NULL, '1'),
('421', 'LT', '85', '4', X'737461747573', '', 'in-progress', '2019-05-15 06:31:43', '2019-05-15 06:31:43', NULL, '1'),
('422', 'LT', '168', '4', X'6c6f636174696f6e', '0', '6', '2019-05-15 06:31:44', '2019-05-15 06:31:44', NULL, '1'),
('427', 'LT', '167', '4', X'6c6f636174696f6e', '0', '6', '2019-05-15 06:31:44', '2019-05-15 06:31:44', NULL, '1'),
('429', 'LT', '167', '4', X'776569676874', '', '3', '2019-05-15 06:31:44', '2019-05-15 06:31:44', NULL, '1'),
('430', 'LT', '167', '4', X'7469746c65', '', 'Aut fugiat quo numquam quis repellendus cum quod doloribus sequi.', '2019-05-15 06:31:44', '2019-05-15 06:31:44', NULL, '1'),
('431', 'LT', '167', '4', X'737461747573', '', 'closed', '2019-05-15 06:31:44', '2019-05-15 06:31:44', NULL, '1'),
('432', 'LT', '169', '4', X'6c6f636174696f6e', '0', '6', '2019-05-15 06:31:45', '2019-05-15 06:31:45', NULL, '1'),
('437', 'LT', '168', '4', X'6c6f636174696f6e', '0', '6', '2019-05-15 06:31:45', '2019-05-15 06:31:45', NULL, '1'),
('439', 'LT', '168', '4', X'776569676874', '', '2', '2019-05-15 06:31:45', '2019-05-15 06:31:45', NULL, '1'),
('440', 'LT', '168', '4', X'7469746c65', '', 'Quibusdam sed voluptatem minima voluptas similique quae quo commodi et.', '2019-05-15 06:31:45', '2019-05-15 06:31:45', NULL, '1'),
('441', 'LT', '168', '4', X'737461747573', '', 'closed', '2019-05-15 06:31:45', '2019-05-15 06:31:45', NULL, '1'),
('442', 'LT', '170', '4', X'6c6f636174696f6e', '0', '6', '2019-05-15 06:31:46', '2019-05-15 06:31:46', NULL, '1'),
('446', 'LT', '88', '4', X'6c6f636174696f6e', '0', '6', '2019-05-15 06:31:46', '2019-05-15 06:31:46', NULL, '1'),
('448', 'LT', '88', '4', X'776569676874', '', '5', '2019-05-15 06:31:46', '2019-05-15 06:31:46', NULL, '1'),
('449', 'LT', '88', '4', X'7469746c65', '', 'Implement user accounts API', '2019-05-15 06:31:46', '2019-05-15 06:31:46', NULL, '1'),
('450', 'LT', '88', '4', X'737461747573', '', 'in-progress', '2019-05-15 06:31:46', '2019-05-15 06:31:46', NULL, '1'),
('451', 'LT', '171', '4', X'6c6f636174696f6e', '0', '6', '2019-05-15 06:31:47', '2019-05-15 06:31:47', NULL, '1'),
('456', 'LT', '170', '4', X'6c6f636174696f6e', '0', '6', '2019-05-15 06:31:47', '2019-05-15 06:31:47', NULL, '1'),
('458', 'LT', '170', '4', X'776569676874', '', '5', '2019-05-15 06:31:47', '2019-05-15 06:31:47', NULL, '1'),
('459', 'LT', '170', '4', X'7469746c65', '', 'Quidem a voluptatem vel a ut numquam libero soluta et.', '2019-05-15 06:31:47', '2019-05-15 06:31:47', NULL, '1'),
('460', 'LT', '170', '4', X'737461747573', '', 'closed', '2019-05-15 06:31:47', '2019-05-15 06:31:47', NULL, '1'),
('461', 'LT', '172', '4', X'6c6f636174696f6e', '0', '6', '2019-05-15 06:31:48', '2019-05-15 06:31:48', NULL, '1'),
('466', 'LT', '170', '4', X'6c6f636174696f6e', '0', '6', '2019-05-15 06:31:49', '2019-05-15 06:31:49', NULL, '1'),
('468', 'LT', '170', '4', X'776569676874', '', '5', '2019-05-15 06:31:49', '2019-05-15 06:31:49', NULL, '1'),
('469', 'LT', '170', '4', X'7469746c65', '', 'Quidem a voluptatem vel a ut numquam libero soluta et.', '2019-05-15 06:31:49', '2019-05-15 06:31:49', NULL, '1'),
('470', 'LT', '170', '4', X'737461747573', '', 'closed', '2019-05-15 06:31:49', '2019-05-15 06:31:49', NULL, '1'),
('471', 'LT', '173', '4', X'6c6f636174696f6e', '0', '6', '2019-05-15 06:31:50', '2019-05-15 06:31:50', NULL, '1'),
('476', 'LT', '170', '4', X'6c6f636174696f6e', '0', '6', '2019-05-15 06:31:50', '2019-05-15 06:31:50', NULL, '1'),
('478', 'LT', '170', '4', X'776569676874', '', '5', '2019-05-15 06:31:50', '2019-05-15 06:31:50', NULL, '1'),
('479', 'LT', '170', '4', X'7469746c65', '', 'Quidem a voluptatem vel a ut numquam libero soluta et.', '2019-05-15 06:31:50', '2019-05-15 06:31:50', NULL, '1'),
('480', 'LT', '170', '4', X'737461747573', '', 'closed', '2019-05-15 06:31:50', '2019-05-15 06:31:50', NULL, '1'),
('481', 'LT', '173', '4', X'6c6f636174696f6e', '6', '13', '2019-05-15 06:36:07', '2019-05-15 06:36:07', NULL, '1'),
('482', 'LT', '172', '4', X'6c6f636174696f6e', '6', '13', '2019-05-15 06:36:08', '2019-05-15 06:36:08', NULL, '1'),
('483', 'LT', '171', '4', X'737461747573', 'closed', 'in-progress', '2019-05-15 06:36:11', '2019-05-15 06:36:11', NULL, NULL),
('484', 'LT', '171', '4', X'6c6f636174696f6e', '6', '11', '2019-05-15 06:36:11', '2019-05-15 06:36:11', NULL, '1'),
('485', 'LT', '170', '4', X'737461747573', 'closed', 'in-progress', '2019-05-15 06:36:12', '2019-05-15 06:36:12', NULL, NULL),
('486', 'LT', '170', '4', X'6c6f636174696f6e', '6', '11', '2019-05-15 06:36:12', '2019-05-15 06:36:12', NULL, '1'),
('487', 'LT', '169', '4', X'737461747573', 'closed', 'in-progress', '2019-05-15 06:36:14', '2019-05-15 06:36:14', NULL, NULL),
('488', 'LT', '169', '4', X'6c6f636174696f6e', '6', '11', '2019-05-15 06:36:14', '2019-05-15 06:36:14', NULL, '1'),
('489', 'LT', '168', '4', X'737461747573', 'closed', 'in-progress', '2019-05-15 06:36:15', '2019-05-15 06:36:15', NULL, NULL),
('490', 'LT', '168', '4', X'6c6f636174696f6e', '6', '11', '2019-05-15 06:36:15', '2019-05-15 06:36:15', NULL, '1'),
('491', 'LT', '168', '4', X'737461747573', 'in-progress', 'closed', '2019-05-15 06:36:16', '2019-05-15 06:36:16', NULL, NULL),
('492', 'LT', '168', '4', X'6c6f636174696f6e', '11', '13', '2019-05-15 06:36:16', '2019-05-15 06:36:16', NULL, '1'),
('493', 'LT', '169', '4', X'737461747573', 'in-progress', 'closed', '2019-05-15 06:36:18', '2019-05-15 06:36:18', NULL, NULL),
('494', 'LT', '169', '4', X'6c6f636174696f6e', '11', '13', '2019-05-15 06:36:18', '2019-05-15 06:36:18', NULL, '1'),
('495', 'LT', '170', '4', X'737461747573', 'in-progress', 'closed', '2019-05-15 06:36:19', '2019-05-15 06:36:19', NULL, NULL),
('496', 'LT', '170', '4', X'6c6f636174696f6e', '11', '13', '2019-05-15 06:36:19', '2019-05-15 06:36:19', NULL, '1'),
('497', 'LT', '171', '4', X'6c6f636174696f6e', '11', '12', '2019-05-15 06:36:21', '2019-05-15 06:36:21', NULL, '1'),
('498', 'LT', '167', '4', X'737461747573', 'closed', 'in-progress', '2019-05-15 06:36:24', '2019-05-15 06:36:24', NULL, NULL),
('499', 'LT', '167', '4', X'6c6f636174696f6e', '6', '11', '2019-05-15 06:36:24', '2019-05-15 06:36:24', NULL, '1'),
('500', 'LT', '167', '4', X'6c6f636174696f6e', '11', '12', '2019-05-15 06:36:26', '2019-05-15 06:36:26', NULL, '1'),
('501', 'LT', '167', '4', X'6c6f636174696f6e', '12', '14', '2019-05-15 06:36:27', '2019-05-15 06:36:27', NULL, '1'),
('502', 'LT', '88', '4', X'6c6f636174696f6e', '6', '11', '2019-05-15 06:36:29', '2019-05-15 06:36:29', NULL, '1'),
('503', 'LT', '88', '4', X'6c6f636174696f6e', '11', '12', '2019-05-15 06:36:30', '2019-05-15 06:36:30', NULL, '1'),
('504', 'LT', '86', '4', X'7469746c65', 'Design login form', 'Design login and signup forms', '2019-05-15 06:38:48', '2019-05-15 06:38:48', NULL, NULL),
('505', 'LT', '86', '4', X'776569676874', '5', '10', '2019-05-15 06:38:57', '2019-05-15 06:38:57', NULL, NULL),
('506', 'LT', '87', NULL, X'7469746c65', '', 'Implement authentication API', '2019-05-15 06:39:59', '2019-05-15 06:39:59', NULL, NULL),
('507', 'LT', '87', NULL, X'737461747573', '', 'in-progress', '2019-05-15 06:39:59', '2019-05-15 06:39:59', NULL, NULL),
('508', 'LT', '87', NULL, X'6c6f636174696f6e', '0', '6', '2019-05-15 06:39:59', '2019-05-15 06:39:59', NULL, '1'),
('509', 'LT', '90', NULL, X'7469746c65', 'Implement authentication API', 'Implement accounts page', '2019-05-15 06:40:04', '2019-05-15 06:40:04', NULL, NULL),
('510', 'LT', '87', NULL, X'7469746c65', 'Implement login form', 'Implement authentication API', '2019-05-15 07:27:38', '2019-05-15 07:27:38', NULL, NULL),
('511', 'LT', '87', NULL, X'737461747573', 'closed', 'in-progress', '2019-05-15 07:27:38', '2019-05-15 07:27:38', NULL, NULL),
('512', 'LT', '193', '4', X'6c6f636174696f6e', '0', '6', '2019-05-15 07:27:40', '2019-05-15 07:27:40', NULL, '1'),
('513', 'LT', '193', '4', X'737072696e74', '', '4', '2019-05-15 07:27:40', '2019-05-15 07:27:40', NULL, NULL),
('514', 'LT', '193', '4', X'776569676874', '', '0', '2019-05-15 07:27:40', '2019-05-15 07:27:40', NULL, '1'),
('515', 'LT', '193', '4', X'7469746c65', '', 'Implement frontend state', '2019-05-15 07:27:40', '2019-05-15 07:27:40', NULL, '1'),
('516', 'LT', '193', '4', X'737461747573', '', 'open', '2019-05-15 07:27:40', '2019-05-15 07:27:40', NULL, '1'),
('517', 'LT', '171', '4', X'6c6f636174696f6e', '6', '11', '2019-05-15 08:00:09', '2019-05-15 08:00:09', NULL, '1'),
('518', 'LT', '85', '4', X'6c6f636174696f6e', '6', '11', '2019-05-15 08:00:11', '2019-05-15 08:00:11', NULL, '1'),
('519', 'LT', '173', '4', X'6c6f636174696f6e', '6', '13', '2019-05-15 08:00:13', '2019-05-15 08:00:13', NULL, '1'),
('520', 'LT', '88', '4', X'6c6f636174696f6e', '6', '11', '2019-05-15 08:00:18', '2019-05-15 08:00:18', NULL, '1'),
('521', 'LT', '172', '4', X'6c6f636174696f6e', '6', '13', '2019-05-15 08:00:21', '2019-05-15 08:00:21', NULL, '1'),
('522', 'LT', '168', '4', X'6c6f636174696f6e', '6', '13', '2019-05-15 08:00:23', '2019-05-15 08:00:23', NULL, '1'),
('523', 'LT', '169', '4', X'6c6f636174696f6e', '6', '13', '2019-05-15 08:00:24', '2019-05-15 08:00:24', NULL, '1'),
('524', 'LT', '170', '4', X'6c6f636174696f6e', '6', '13', '2019-05-15 08:00:26', '2019-05-15 08:00:26', NULL, '1'),
('525', 'LT', '167', '4', X'6c6f636174696f6e', '6', '11', '2019-05-15 08:00:27', '2019-05-15 08:00:27', NULL, '1'),
('526', 'LT', '171', '4', X'6c6f636174696f6e', '11', '12', '2019-05-15 08:00:30', '2019-05-15 08:00:30', NULL, '1'),
('527', 'LT', '88', '4', X'6c6f636174696f6e', '11', '12', '2019-05-15 08:00:31', '2019-05-15 08:00:31', NULL, '1'),
('528', 'LT', '88', '4', X'6c6f636174696f6e', '12', '14', '2019-05-15 08:00:32', '2019-05-15 08:00:32', NULL, '1'),
('709', 'LT', '137', '3', X'737072696e74', '', '3', '2019-04-17 02:00:00', '2019-04-17 02:00:00', NULL, NULL),
('710', 'LT', '137', '3', X'776569676874', '', '233', '2019-04-17 02:00:00', '2019-04-17 02:00:00', NULL, '1'),
('711', 'LT', '137', '3', X'7469746c65', '', 'Tempore enim in voluptas quaerat deleniti sit rerum voluptates quia.', '2019-04-17 02:00:00', '2019-04-17 02:00:00', NULL, '1'),
('712', 'LT', '137', '3', X'737461747573', '', 'open', '2019-04-17 02:00:00', '2019-04-17 02:00:00', NULL, '1'),
('713', 'LT', '138', '3', X'737072696e74', '', '3', '2019-04-17 02:00:00', '2019-04-17 02:00:00', NULL, NULL),
('714', 'LT', '138', '3', X'776569676874', '', '8', '2019-04-17 02:00:00', '2019-04-17 02:00:00', NULL, '1'),
('715', 'LT', '138', '3', X'7469746c65', '', 'Natus ullam est culpa commodi officiis labore nostrum ipsa quod.', '2019-04-17 02:00:00', '2019-04-17 02:00:00', NULL, '1'),
('716', 'LT', '138', '3', X'737461747573', '', 'open', '2019-04-17 02:00:00', '2019-04-17 02:00:00', NULL, '1'),
('717', 'LT', '139', '3', X'737072696e74', '', '3', '2019-04-17 02:00:00', '2019-04-17 02:00:00', NULL, NULL),
('718', 'LT', '139', '3', X'776569676874', '', '3', '2019-04-17 02:00:00', '2019-04-17 02:00:00', NULL, '1'),
('719', 'LT', '139', '3', X'7469746c65', '', 'Aut ut repellat molestiae quos et accusantium dolor accusamus aut.', '2019-04-17 02:00:00', '2019-04-17 02:00:00', NULL, '1'),
('720', 'LT', '139', '3', X'737461747573', '', 'open', '2019-04-17 02:00:00', '2019-04-17 02:00:00', NULL, '1'),
('721', 'LT', '140', '3', X'737072696e74', '', '3', '2019-04-17 02:00:00', '2019-04-17 02:00:00', NULL, NULL),
('722', 'LT', '140', '3', X'776569676874', '', '1', '2019-04-17 02:00:00', '2019-04-17 02:00:00', NULL, '1'),
('723', 'LT', '140', '3', X'7469746c65', '', 'Aut expedita labore cum non aut sit id maiores reiciendis.', '2019-04-17 02:00:00', '2019-04-17 02:00:00', NULL, '1'),
('724', 'LT', '140', '3', X'737461747573', '', 'open', '2019-04-17 02:00:00', '2019-04-17 02:00:00', NULL, '1'),
('725', 'LT', '141', '3', X'737072696e74', '', '3', '2019-04-17 02:00:00', '2019-04-17 02:00:00', NULL, NULL),
('726', 'LT', '141', '3', X'776569676874', '', '34', '2019-04-17 02:00:00', '2019-04-17 02:00:00', NULL, '1'),
('727', 'LT', '141', '3', X'7469746c65', '', 'Possimus laboriosam explicabo qui voluptatem et quibusdam perferendis molestiae nulla.', '2019-04-17 02:00:00', '2019-04-17 02:00:00', NULL, '1'),
('728', 'LT', '141', '3', X'737461747573', '', 'open', '2019-04-17 02:00:00', '2019-04-17 02:00:00', NULL, '1'),
('729', 'LT', '142', '3', X'737072696e74', '', '3', '2019-04-17 02:00:00', '2019-04-17 02:00:00', NULL, NULL),
('730', 'LT', '142', '3', X'776569676874', '', '377', '2019-04-17 02:00:00', '2019-04-17 02:00:00', NULL, '1'),
('731', 'LT', '142', '3', X'7469746c65', '', 'Corrupti est animi voluptatibus et explicabo placeat doloribus dicta molestiae.', '2019-04-17 02:00:00', '2019-04-17 02:00:00', NULL, '1'),
('732', 'LT', '142', '3', X'737461747573', '', 'open', '2019-04-17 02:00:00', '2019-04-17 02:00:00', NULL, '1'),
('733', 'LT', '143', '3', X'737072696e74', '', '3', '2019-04-17 02:00:00', '2019-04-17 02:00:00', NULL, NULL),
('734', 'LT', '143', '3', X'776569676874', '', '1', '2019-04-17 02:00:00', '2019-04-17 02:00:00', NULL, '1'),
('735', 'LT', '143', '3', X'7469746c65', '', 'Voluptatem eum laborum et qui a quo enim sit optio.', '2019-04-17 02:00:00', '2019-04-17 02:00:00', NULL, '1'),
('736', 'LT', '143', '3', X'737461747573', '', 'open', '2019-04-17 02:00:00', '2019-04-17 02:00:00', NULL, '1'),
('737', 'LT', '144', '3', X'737072696e74', '', '3', '2019-04-17 02:00:00', '2019-04-17 02:00:00', NULL, NULL),
('738', 'LT', '144', '3', X'776569676874', '', '144', '2019-04-17 02:00:00', '2019-04-17 02:00:00', NULL, '1'),
('739', 'LT', '144', '3', X'7469746c65', '', 'Numquam ab quas quam quia error commodi doloremque voluptates esse.', '2019-04-17 02:00:00', '2019-04-17 02:00:00', NULL, '1'),
('740', 'LT', '144', '3', X'737461747573', '', 'open', '2019-04-17 02:00:00', '2019-04-17 02:00:00', NULL, '1'),
('741', 'LT', '145', '3', X'737072696e74', '', '3', '2019-04-17 02:00:00', '2019-04-17 02:00:00', NULL, NULL),
('742', 'LT', '145', '3', X'776569676874', '', '8', '2019-04-17 02:00:00', '2019-04-17 02:00:00', NULL, '1'),
('743', 'LT', '145', '3', X'7469746c65', '', 'Voluptates omnis et et qui est quas ratione blanditiis qui.', '2019-04-17 02:00:00', '2019-04-17 02:00:00', NULL, '1'),
('744', 'LT', '145', '3', X'737461747573', '', 'open', '2019-04-17 02:00:00', '2019-04-17 02:00:00', NULL, '1'),
('745', 'LT', '146', '3', X'737072696e74', '', '3', '2019-04-17 02:00:00', '2019-04-17 02:00:00', NULL, NULL),
('746', 'LT', '146', '3', X'776569676874', '', '55', '2019-04-17 02:00:00', '2019-04-17 02:00:00', NULL, '1'),
('747', 'LT', '146', '3', X'7469746c65', '', 'Deserunt inventore voluptatem numquam dolorem omnis sequi laborum possimus repellendus.', '2019-04-17 02:00:00', '2019-04-17 02:00:00', NULL, '1'),
('748', 'LT', '146', '3', X'737461747573', '', 'open', '2019-04-17 02:00:00', '2019-04-17 02:00:00', NULL, '1'),
('749', 'LT', '147', '3', X'737072696e74', '', '3', '2019-04-17 02:00:00', '2019-04-17 02:00:00', NULL, NULL),
('750', 'LT', '147', '3', X'776569676874', '', '34', '2019-04-17 02:00:00', '2019-04-17 02:00:00', NULL, '1'),
('751', 'LT', '147', '3', X'7469746c65', '', 'Et corrupti laboriosam consequuntur nostrum esse ea et optio non.', '2019-04-17 02:00:00', '2019-04-17 02:00:00', NULL, '1'),
('752', 'LT', '147', '3', X'737461747573', '', 'open', '2019-04-17 02:00:00', '2019-04-17 02:00:00', NULL, '1'),
('753', 'LT', '148', '3', X'737072696e74', '', '3', '2019-04-17 02:00:00', '2019-04-17 02:00:00', NULL, NULL),
('754', 'LT', '148', '3', X'776569676874', '', '2', '2019-04-17 02:00:00', '2019-04-17 02:00:00', NULL, '1'),
('755', 'LT', '148', '3', X'7469746c65', '', 'Asperiores occaecati aliquid unde labore eos repellat iure ab maiores.', '2019-04-17 02:00:00', '2019-04-17 02:00:00', NULL, '1'),
('756', 'LT', '148', '3', X'737461747573', '', 'open', '2019-04-17 02:00:00', '2019-04-17 02:00:00', NULL, '1'),
('757', 'LT', '149', '3', X'737072696e74', '', '3', '2019-04-17 02:00:00', '2019-04-17 02:00:00', NULL, NULL),
('758', 'LT', '149', '3', X'776569676874', '', '8', '2019-04-17 02:00:00', '2019-04-17 02:00:00', NULL, '1'),
('759', 'LT', '149', '3', X'7469746c65', '', 'Quia quibusdam consequatur quae sed itaque perspiciatis officiis ea ea.', '2019-04-17 02:00:00', '2019-04-17 02:00:00', NULL, '1'),
('760', 'LT', '149', '3', X'737461747573', '', 'open', '2019-04-17 02:00:00', '2019-04-17 02:00:00', NULL, '1'),
('761', 'LT', '150', '3', X'737072696e74', '', '3', '2019-04-17 02:00:00', '2019-04-17 02:00:00', NULL, NULL),
('762', 'LT', '150', '3', X'776569676874', '', '89', '2019-04-17 02:00:00', '2019-04-17 02:00:00', NULL, '1'),
('763', 'LT', '150', '3', X'7469746c65', '', 'Est ad incidunt quis est eos ex optio nihil incidunt.', '2019-04-17 02:00:00', '2019-04-17 02:00:00', NULL, '1'),
('764', 'LT', '150', '3', X'737461747573', '', 'open', '2019-04-17 02:00:00', '2019-04-17 02:00:00', NULL, '1'),
('765', 'LT', '151', '3', X'737072696e74', '', '3', '2019-04-17 02:00:00', '2019-04-17 02:00:00', NULL, NULL),
('766', 'LT', '151', '3', X'776569676874', '', '89', '2019-04-17 02:00:00', '2019-04-17 02:00:00', NULL, '1'),
('767', 'LT', '151', '3', X'7469746c65', '', 'Voluptatem sunt enim et reprehenderit id consequatur magnam commodi sint.', '2019-04-17 02:00:00', '2019-04-17 02:00:00', NULL, '1'),
('768', 'LT', '151', '3', X'737461747573', '', 'open', '2019-04-17 02:00:00', '2019-04-17 02:00:00', NULL, '1'),
('769', 'LT', '152', '3', X'737072696e74', '', '3', '2019-04-17 02:00:00', '2019-04-17 02:00:00', NULL, NULL),
('770', 'LT', '152', '3', X'776569676874', '', '89', '2019-04-17 02:00:00', '2019-04-17 02:00:00', NULL, '1'),
('771', 'LT', '152', '3', X'7469746c65', '', 'In aut omnis autem non minus eum labore voluptate expedita.', '2019-04-17 02:00:00', '2019-04-17 02:00:00', NULL, '1'),
('772', 'LT', '152', '3', X'737461747573', '', 'open', '2019-04-17 02:00:00', '2019-04-17 02:00:00', NULL, '1'),
('773', 'LT', '153', '3', X'737072696e74', '', '3', '2019-05-23 09:59:00', '2019-05-23 09:59:00', NULL, NULL),
('774', 'LT', '153', '3', X'776569676874', '', '8', '2019-05-23 09:59:00', '2019-05-23 09:59:00', NULL, '1'),
('775', 'LT', '153', '3', X'7469746c65', '', 'At nam aut nihil consectetur ut quisquam ipsa soluta qui.', '2019-05-23 09:59:00', '2019-05-23 09:59:00', NULL, '1'),
('776', 'LT', '153', '3', X'737461747573', '', 'open', '2019-05-23 09:59:00', '2019-05-23 09:59:00', NULL, '1'),
('777', 'LT', '154', '3', X'737072696e74', '', '3', '2019-05-21 20:59:00', '2019-05-21 20:59:00', NULL, NULL),
('778', 'LT', '154', '3', X'776569676874', '', '3', '2019-05-21 20:59:00', '2019-05-21 20:59:00', NULL, '1'),
('779', 'LT', '154', '3', X'7469746c65', '', 'Dolores beatae magnam eum nihil dolor harum sed numquam odit.', '2019-05-21 20:59:00', '2019-05-21 20:59:00', NULL, '1'),
('780', 'LT', '154', '3', X'737461747573', '', 'open', '2019-05-21 20:59:00', '2019-05-21 20:59:00', NULL, '1'),
('781', 'LT', '155', '3', X'737072696e74', '', '3', '2019-05-22 22:59:00', '2019-05-22 22:59:00', NULL, NULL),
('782', 'LT', '155', '3', X'776569676874', '', '1', '2019-05-22 22:59:00', '2019-05-22 22:59:00', NULL, '1'),
('783', 'LT', '155', '3', X'7469746c65', '', 'Nemo aut in tempora repellendus excepturi omnis qui aliquid accusamus.', '2019-05-22 22:59:00', '2019-05-22 22:59:00', NULL, '1'),
('784', 'LT', '155', '3', X'737461747573', '', 'open', '2019-05-22 22:59:00', '2019-05-22 22:59:00', NULL, '1'),
('785', 'LT', '156', '3', X'737072696e74', '', '3', '2019-05-21 13:59:00', '2019-05-21 13:59:00', NULL, NULL),
('786', 'LT', '156', '3', X'776569676874', '', '8', '2019-05-21 13:59:00', '2019-05-21 13:59:00', NULL, '1'),
('787', 'LT', '156', '3', X'7469746c65', '', 'Accusamus officiis nemo natus distinctio ut illum dolores officiis rem.', '2019-05-21 13:59:00', '2019-05-21 13:59:00', NULL, '1'),
('788', 'LT', '156', '3', X'737461747573', '', 'open', '2019-05-21 13:59:00', '2019-05-21 13:59:00', NULL, '1'),
('789', 'LT', '157', '3', X'737072696e74', '', '3', '2019-05-22 14:59:00', '2019-05-22 14:59:00', NULL, NULL),
('790', 'LT', '157', '3', X'776569676874', '', '1', '2019-05-22 14:59:00', '2019-05-22 14:59:00', NULL, '1'),
('791', 'LT', '157', '3', X'7469746c65', '', 'Quibusdam et repudiandae laboriosam quibusdam earum ea praesentium qui quas.', '2019-05-22 14:59:00', '2019-05-22 14:59:00', NULL, '1'),
('792', 'LT', '157', '3', X'737461747573', '', 'open', '2019-05-22 14:59:00', '2019-05-22 14:59:00', NULL, '1'),
('793', 'LT', '158', '3', X'737072696e74', '', '3', '2019-05-24 15:59:00', '2019-05-24 15:59:00', NULL, NULL),
('794', 'LT', '158', '3', X'776569676874', '', '5', '2019-05-24 15:59:00', '2019-05-24 15:59:00', NULL, '1'),
('795', 'LT', '158', '3', X'7469746c65', '', 'Vitae voluptas labore possimus iste quae illo odit laborum est.', '2019-05-24 15:59:00', '2019-05-24 15:59:00', NULL, '1'),
('796', 'LT', '158', '3', X'737461747573', '', 'open', '2019-05-24 15:59:00', '2019-05-24 15:59:00', NULL, '1'),
('797', 'LT', '159', '3', X'737072696e74', '', '3', '2019-05-22 07:59:00', '2019-05-22 07:59:00', NULL, NULL),
('798', 'LT', '159', '3', X'776569676874', '', '1', '2019-05-22 07:59:00', '2019-05-22 07:59:00', NULL, '1'),
('799', 'LT', '159', '3', X'7469746c65', '', 'Ex quos perferendis error molestias numquam sit eum et aspernatur.', '2019-05-22 07:59:00', '2019-05-22 07:59:00', NULL, '1'),
('800', 'LT', '159', '3', X'737461747573', '', 'open', '2019-05-22 07:59:00', '2019-05-22 07:59:00', NULL, '1'),
('801', 'LT', '160', '3', X'737072696e74', '', '3', '2019-05-24 09:59:00', '2019-05-24 09:59:00', NULL, NULL),
('802', 'LT', '160', '3', X'776569676874', '', '5', '2019-05-24 09:59:00', '2019-05-24 09:59:00', NULL, '1'),
('803', 'LT', '160', '3', X'7469746c65', '', 'Sunt molestias nihil quas qui dolor ullam atque vel et.', '2019-05-24 09:59:00', '2019-05-24 09:59:00', NULL, '1'),
('804', 'LT', '160', '3', X'737461747573', '', 'open', '2019-05-24 09:59:00', '2019-05-24 09:59:00', NULL, '1'),
('805', 'LT', '161', '3', X'737072696e74', '', '3', '2019-05-25 20:59:00', '2019-05-25 20:59:00', NULL, NULL),
('806', 'LT', '161', '3', X'776569676874', '', '377', '2019-05-25 20:59:00', '2019-05-25 20:59:00', NULL, '1'),
('807', 'LT', '161', '3', X'7469746c65', '', 'Facere ad laboriosam eos quidem est veritatis laudantium molestiae iste.', '2019-05-25 20:59:00', '2019-05-25 20:59:00', NULL, '1'),
('808', 'LT', '161', '3', X'737461747573', '', 'open', '2019-05-25 20:59:00', '2019-05-25 20:59:00', NULL, '1'),
('809', 'LT', '162', '3', X'737072696e74', '', '3', '2019-05-22 11:59:00', '2019-05-22 11:59:00', NULL, NULL),
('810', 'LT', '162', '3', X'776569676874', '', '3', '2019-05-22 11:59:00', '2019-05-22 11:59:00', NULL, '1'),
('811', 'LT', '162', '3', X'7469746c65', '', 'Qui nesciunt eveniet provident autem voluptas possimus eveniet et rerum.', '2019-05-22 11:59:00', '2019-05-22 11:59:00', NULL, '1'),
('812', 'LT', '162', '3', X'737461747573', '', 'open', '2019-05-22 11:59:00', '2019-05-22 11:59:00', NULL, '1'),
('813', 'LT', '163', '3', X'737072696e74', '', '3', '2019-05-21 16:59:00', '2019-05-21 16:59:00', NULL, NULL),
('814', 'LT', '163', '3', X'776569676874', '', '377', '2019-05-21 16:59:00', '2019-05-21 16:59:00', NULL, '1'),
('815', 'LT', '163', '3', X'7469746c65', '', 'Necessitatibus autem rem reiciendis excepturi ea non mollitia voluptatem adipisci.', '2019-05-21 16:59:00', '2019-05-21 16:59:00', NULL, '1'),
('816', 'LT', '163', '3', X'737461747573', '', 'open', '2019-05-21 16:59:00', '2019-05-21 16:59:00', NULL, '1'),
('817', 'LT', '164', '3', X'737072696e74', '', '3', '2019-05-20 17:59:00', '2019-05-20 17:59:00', NULL, NULL),
('818', 'LT', '164', '3', X'776569676874', '', '3', '2019-05-20 17:59:00', '2019-05-20 17:59:00', NULL, '1'),
('819', 'LT', '164', '3', X'7469746c65', '', 'Aut et expedita vero deserunt sunt nostrum suscipit qui deserunt.', '2019-05-20 17:59:00', '2019-05-20 17:59:00', NULL, '1'),
('820', 'LT', '164', '3', X'737461747573', '', 'open', '2019-05-20 17:59:00', '2019-05-20 17:59:00', NULL, '1'),
('821', 'LT', '165', '3', X'737072696e74', '', '3', '2019-05-30 05:59:00', '2019-05-30 05:59:00', NULL, NULL),
('822', 'LT', '165', '3', X'776569676874', '', '8', '2019-05-30 05:59:00', '2019-05-30 05:59:00', NULL, '1'),
('823', 'LT', '165', '3', X'7469746c65', '', 'Maiores autem voluptate ut dolor qui quam sit labore iure.', '2019-05-30 05:59:00', '2019-05-30 05:59:00', NULL, '1'),
('824', 'LT', '165', '3', X'737461747573', '', 'open', '2019-05-30 05:59:00', '2019-05-30 05:59:00', NULL, '1'),
('825', 'LT', '166', '3', X'737072696e74', '', '3', '2019-05-30 06:59:00', '2019-05-30 06:59:00', NULL, NULL),
('826', 'LT', '166', '3', X'776569676874', '', '5', '2019-05-30 06:59:00', '2019-05-30 06:59:00', NULL, '1'),
('827', 'LT', '166', '3', X'7469746c65', '', 'Quia labore labore rerum nobis aspernatur id et rerum enim.', '2019-05-30 06:59:00', '2019-05-30 06:59:00', NULL, '1'),
('828', 'LT', '166', '3', X'737461747573', '', 'open', '2019-05-30 06:59:00', '2019-05-30 06:59:00', NULL, '1'),
('829', 'LT', '137', '3', X'737461747573', '', 'in-progress', '2019-04-17 04:59:25', '2019-04-17 04:59:25', NULL, '1'),
('830', 'LT', '137', '3', X'737461747573', '', 'closed', '2019-04-17 09:00:00', '2019-04-17 09:00:00', NULL, '1'),
('831', 'LT', '138', '3', X'737461747573', '', 'in-progress', '2019-04-17 16:44:37', '2019-04-17 16:44:37', NULL, '1'),
('832', 'LT', '138', '3', X'737461747573', '', 'closed', '2019-04-18 09:00:00', '2019-04-18 09:00:00', NULL, '1'),
('833', 'LT', '139', '3', X'737461747573', '', 'in-progress', '2019-04-19 02:59:02', '2019-04-19 02:59:02', NULL, '1'),
('834', 'LT', '139', '3', X'737461747573', '', 'closed', '2019-04-19 09:00:00', '2019-04-19 09:00:00', NULL, '1'),
('835', 'LT', '140', '3', X'737461747573', '', 'in-progress', '2019-04-18 04:38:42', '2019-04-18 04:38:42', NULL, '1'),
('836', 'LT', '140', '3', X'737461747573', '', 'closed', '2019-04-20 09:00:00', '2019-04-20 09:00:00', NULL, '1'),
('837', 'LT', '141', '3', X'737461747573', '', 'in-progress', '2019-04-21 05:43:51', '2019-04-21 05:43:51', NULL, '1'),
('838', 'LT', '141', '3', X'737461747573', '', 'closed', '2019-04-22 09:00:00', '2019-04-22 09:00:00', NULL, '1'),
('839', 'LT', '142', '3', X'737461747573', '', 'in-progress', '2019-04-17 15:07:57', '2019-04-17 15:07:57', NULL, '1'),
('840', 'LT', '142', '3', X'737461747573', '', 'closed', '2019-04-22 15:00:00', '2019-04-22 15:00:00', NULL, '1'),
('841', 'LT', '143', '3', X'737461747573', '', 'in-progress', '2019-04-17 16:27:52', '2019-04-17 16:27:52', NULL, '1'),
('842', 'LT', '143', '3', X'737461747573', '', 'closed', '2019-04-23 09:00:00', '2019-04-23 09:00:00', NULL, '1'),
('843', 'LT', '144', '3', X'737461747573', '', 'in-progress', '2019-04-21 02:20:35', '2019-04-21 02:20:35', NULL, '1'),
('844', 'LT', '144', '3', X'737461747573', '', 'closed', '2019-04-23 12:00:00', '2019-04-23 12:00:00', NULL, '1'),
('845', 'LT', '145', '3', X'737461747573', '', 'in-progress', '2019-04-21 02:42:19', '2019-04-21 02:42:19', NULL, '1'),
('846', 'LT', '145', '3', X'737461747573', '', 'closed', '2019-04-23 13:00:00', '2019-04-23 13:00:00', NULL, '1'),
('847', 'LT', '146', '3', X'737461747573', '', 'in-progress', '2019-04-21 10:12:41', '2019-04-21 10:12:41', NULL, '1'),
('848', 'LT', '146', '3', X'737461747573', '', 'closed', '2019-04-23 15:00:00', '2019-04-23 15:00:00', NULL, '1'),
('849', 'LT', '147', '3', X'737461747573', '', 'in-progress', '2019-04-17 02:54:28', '2019-04-17 02:54:28', NULL, '1'),
('850', 'LT', '147', '3', X'737461747573', '', 'closed', '2019-04-24 10:00:00', '2019-04-24 10:00:00', NULL, '1'),
('851', 'LT', '148', '3', X'737461747573', '', 'in-progress', '2019-04-21 22:07:54', '2019-04-21 22:07:54', NULL, '1'),
('852', 'LT', '148', '3', X'737461747573', '', 'closed', '2019-04-24 11:00:00', '2019-04-24 11:00:00', NULL, '1'),
('853', 'LT', '149', '3', X'737461747573', '', 'in-progress', '2019-04-17 18:26:02', '2019-04-17 18:26:02', NULL, '1'),
('854', 'LT', '149', '3', X'737461747573', '', 'closed', '2019-04-24 12:00:00', '2019-04-24 12:00:00', NULL, '1'),
('855', 'LT', '150', '3', X'737461747573', '', 'in-progress', '2019-04-21 18:29:09', '2019-04-21 18:29:09', NULL, '1'),
('856', 'LT', '150', '3', X'737461747573', '', 'closed', '2019-04-25 15:00:00', '2019-04-25 15:00:00', NULL, '1'),
('857', 'LT', '151', '3', X'737461747573', '', 'in-progress', '2019-04-17 20:34:21', '2019-04-17 20:34:21', NULL, '1'),
('858', 'LT', '151', '3', X'737461747573', '', 'closed', '2019-04-25 20:00:00', '2019-04-25 20:00:00', NULL, '1'),
('859', 'LT', '152', '3', X'737461747573', '', 'in-progress', '2019-05-07 23:26:12', '2019-05-07 23:26:12', NULL, '1'),
('860', 'LT', '152', '3', X'737461747573', '', 'closed', '2019-05-25 21:59:00', '2019-05-25 21:59:00', NULL, '1'),
('861', 'LT', '153', '3', X'737461747573', '', 'in-progress', '2019-05-24 05:33:18', '2019-05-24 05:33:18', NULL, '1'),
('862', 'LT', '153', '3', X'737461747573', '', 'closed', '2019-05-26 09:59:00', '2019-05-26 09:59:00', NULL, '1'),
('863', 'LT', '154', '3', X'737461747573', '', 'in-progress', '2019-05-22 14:15:43', '2019-05-22 14:15:43', NULL, '1'),
('864', 'LT', '154', '3', X'737461747573', '', 'closed', '2019-05-26 20:59:00', '2019-05-26 20:59:00', NULL, '1'),
('865', 'LT', '155', '3', X'737461747573', '', 'in-progress', '2019-05-25 01:32:08', '2019-05-25 01:32:08', NULL, '1'),
('866', 'LT', '155', '3', X'737461747573', '', 'closed', '2019-05-26 22:59:00', '2019-05-26 22:59:00', NULL, '1'),
('867', 'LT', '156', '3', X'737461747573', '', 'in-progress', '2019-05-24 20:04:45', '2019-05-24 20:04:45', NULL, '1'),
('868', 'LT', '156', '3', X'737461747573', '', 'closed', '2019-05-27 13:59:00', '2019-05-27 13:59:00', NULL, '1'),
('869', 'LT', '157', '3', X'737461747573', '', 'in-progress', '2019-05-23 03:40:54', '2019-05-23 03:40:54', NULL, '1'),
('870', 'LT', '157', '3', X'737461747573', '', 'closed', '2019-05-27 14:59:00', '2019-05-27 14:59:00', NULL, '1'),
('871', 'LT', '158', '3', X'737461747573', '', 'in-progress', '2019-05-25 13:31:18', '2019-05-25 13:31:18', NULL, '1'),
('872', 'LT', '158', '3', X'737461747573', '', 'closed', '2019-05-28 15:59:00', '2019-05-28 15:59:00', NULL, '1'),
('873', 'LT', '159', '3', X'737461747573', '', 'in-progress', '2019-05-22 14:19:35', '2019-05-22 14:19:35', NULL, '1'),
('874', 'LT', '159', '3', X'737461747573', '', 'closed', '2019-05-29 07:59:00', '2019-05-29 07:59:00', NULL, '1'),
('875', 'LT', '160', '3', X'737461747573', '', 'in-progress', '2019-05-26 21:12:02', '2019-05-26 21:12:02', NULL, '1'),
('876', 'LT', '160', '3', X'737461747573', '', 'closed', '2019-05-29 09:59:00', '2019-05-29 09:59:00', NULL, '1'),
('877', 'LT', '161', '3', X'737461747573', '', 'in-progress', '2019-05-28 04:35:05', '2019-05-28 04:35:05', NULL, '1'),
('878', 'LT', '161', '3', X'737461747573', '', 'closed', '2019-05-29 20:59:00', '2019-05-29 20:59:00', NULL, '1'),
('879', 'LT', '162', '3', X'737461747573', '', 'in-progress', '2019-05-23 06:19:30', '2019-05-23 06:19:30', NULL, '1'),
('880', 'LT', '162', '3', X'737461747573', '', 'closed', '2019-05-30 11:59:00', '2019-05-30 11:59:00', NULL, '1'),
('881', 'LT', '163', '3', X'737461747573', '', 'in-progress', '2019-05-24 15:31:07', '2019-05-24 15:31:07', NULL, '1'),
('882', 'LT', '163', '3', X'737461747573', '', 'closed', '2019-05-30 16:59:00', '2019-05-30 16:59:00', NULL, '1'),
('883', 'LT', '164', '3', X'737461747573', '', 'in-progress', '2019-05-30 12:06:30', '2019-05-30 12:06:30', NULL, '1'),
('884', 'LT', '164', '3', X'737461747573', '', 'closed', '2019-05-30 17:59:00', '2019-05-30 17:59:00', NULL, '1'),
('885', 'LT', '165', '3', X'737461747573', '', 'in-progress', '2019-05-31 08:56:40', '2019-05-31 08:56:40', NULL, '1'),
('886', 'LT', '165', '3', X'737461747573', '', 'closed', '2019-06-01 05:59:00', '2019-06-01 05:59:00', NULL, '1'),
('887', 'LT', '166', '3', X'737461747573', '', 'in-progress', '2019-05-31 11:42:43', '2019-05-31 11:42:43', NULL, '1'),
('888', 'LT', '166', '3', X'737461747573', '', 'closed', '2019-06-01 06:59:00', '2019-06-01 06:59:00', NULL, '1');

INSERT INTO `tickets` (`id`, `project_code`, `title`, `body`, `location_type`, `previous_ticket`, `workflow_id`, `sprint_id`, `created_at`, `updated_at`, `deleted_at`, `creator_user_id`, `assignee_user_id`, `workflow_position`, `weight`, `status`, `category`) VALUES ('85', 'LT', 'Design user interface', '<p>Design the user interface</p>', X'737072696e74', NULL, '11', '4', '0000-00-00 00:00:00', '2019-05-15 08:00:11', NULL, '1', '0', '1', '5', X'696e2d70726f6772657373', 'UI'),
('86', 'LT', 'Design login and signup forms', '<p>Design login form</p>', X'737072696e74', '85', '6', '4', '0000-00-00 00:00:00', '2019-05-15 06:38:57', NULL, '1', '0', '1', '10', X'6f70656e', 'UI'),
('87', 'LT', 'Implement authentication API', '<p>Implement authentication API</p>', X'6261636b6c6f67', NULL, '6', NULL, '0000-00-00 00:00:00', '2019-05-15 07:27:38', NULL, '1', '0', '1', '0', X'696e2d70726f6772657373', 'API'),
('88', 'LT', 'Implement user accounts API', '<p>Implement user accounts API</p>', X'737072696e74', '86', '14', '4', '0000-00-00 00:00:00', '2019-05-15 08:00:32', NULL, '1', '0', '0', '5', X'696e2d70726f6772657373', 'API'),
('89', 'LT', 'Implement login form', '<p>Design login form</p>', X'6261636b6c6f67', '87', '6', NULL, '0000-00-00 00:00:00', '2019-05-15 07:27:38', NULL, '1', '0', '0', '0', X'636c6f736564', 'Frontend'),
('90', 'LT', 'Implement accounts page', '<p>Implement accounts page</p>', X'6261636b6c6f67', '89', '6', NULL, '0000-00-00 00:00:00', '2019-05-15 07:27:40', NULL, '1', '0', '0', '0', X'696e2d70726f6772657373', 'Frontend'),
('91', 'LT', 'Implement forgot password', '<p>Implement forgot password</p>', X'6261636b6c6f67', '90', '6', NULL, '0000-00-00 00:00:00', '2019-05-15 06:29:03', NULL, '1', '0', '0', '0', X'6f70656e', 'Frontend'),
('92', 'LT', 'Implement forgot password API', '<p>Implement forgot password</p>', X'6261636b6c6f67', '91', '6', NULL, '0000-00-00 00:00:00', '2019-05-15 06:29:05', NULL, '1', '0', '0', '0', X'6f70656e', 'API'),
('93', 'LT', 'Fugiat incidunt quo perspiciatis deleniti sunt natus dolor et doloremque.', '<p>Quasi eligendi quae et provident tenetur excepturi laudantium ullam. Eos mollitia voluptas debitis magni voluptatum ut esse delectus natus. Doloribus et dicta. Repellendus eos magni nihil omnis. Et rerum corporis harum accusantium deleniti cum consequatur nihil officiis.</p> <p>At ea et nam sequi hic. Atque voluptas necessitatibus autem quos enim. Nostrum in ea esse est. Explicabo debitis vel totam qui facere iusto atque. Et enim reprehenderit aliquid et impedit. Sit veniam unde repellendus pariatur tempora ea vel perferendis repellendus. Iure veritatis voluptatum hic ad.</p>', X'737072696e74', NULL, '6', '1', '2019-05-14 21:07:59', '2019-05-14 21:07:59', NULL, '4', '6', '0', '5', X'636c6f736564', 'UI'),
('94', 'LT', 'Eum fugit sit delectus molestiae unde saepe veniam id mollitia.', '<p>Odio eveniet qui aliquid blanditiis. Asperiores ut corrupti ea perspiciatis tempora repellat consequatur dolorem. Ut porro omnis. Aliquid nisi et nobis et aut expedita rem. Voluptate voluptatum est repellendus ratione quidem in non praesentium veniam. Ad harum impedit provident dolor quod saepe quod. Soluta pariatur praesentium dolores vel est id.</p> <p>Autem aspernatur rerum eaque quia distinctio. Tempora quis reprehenderit molestiae sed similique veritatis. Vel in eum id eveniet sapiente eligendi maiores modi. Alias ut et voluptate quis. Natus occaecati ex veritatis ipsa. Veritatis magnam impedit.</p>', X'737072696e74', NULL, '6', '1', '2019-05-14 21:07:59', '2019-05-14 21:07:59', NULL, '2', '4', '0', '1', X'636c6f736564', 'Bug'),
('95', 'LT', 'Labore aut voluptatem tempora sed soluta magnam est est aut.', '<p>Possimus doloribus enim dolor voluptatem. Dolores corrupti dolor voluptatibus molestiae rerum laudantium dolores. Unde reiciendis minima suscipit dolores. Ea est aut nulla ut voluptatem. Tempora laboriosam rerum quam ea eum autem dolor alias.</p> <p>Nesciunt doloremque sunt ducimus aut vel architecto. Distinctio totam facere modi officiis omnis beatae et sequi et. Accusantium et voluptas ducimus quis aspernatur. Laborum similique vero quam et. Dolorem totam velit placeat nobis id saepe quia nihil. In ut quis ipsum fugiat possimus. Nostrum est deserunt aut delectus similique consequatur et. Rerum iure corrupti mollitia.</p>', X'737072696e74', NULL, '6', '1', '2019-05-14 21:07:59', '2019-05-14 21:07:59', NULL, '4', '2', '0', '2', X'636c6f736564', 'Feature'),
('96', 'LT', 'Est nostrum placeat temporibus nam architecto ut doloremque a aut.', '<p>Temporibus consequuntur ut. Perspiciatis consequuntur facere earum. Quod rerum ad voluptatem. Ex sint fugit nesciunt sed commodi eaque dolor est nesciunt. Vel totam soluta non dignissimos. Magni eum et et cupiditate qui voluptatum libero non dolor. Accusamus optio culpa asperiores tempore consequatur aut.</p> <p>Ut aspernatur fugit alias. Officia eveniet odit. Qui et ut necessitatibus. Fugiat fugit autem unde repellat quibusdam. Dolores rerum possimus aut atque non laudantium eos. Iusto ut voluptatum vel ipsa et saepe maiores et. Et saepe explicabo in nemo inventore necessitatibus omnis est quibusdam. Aut consequuntur odio fugiat beatae.</p>', X'737072696e74', NULL, '6', '1', '2019-05-14 21:07:59', '2019-05-14 21:07:59', NULL, '5', '4', '0', '3', X'636c6f736564', 'UI'),
('97', 'LT', 'Totam dicta reprehenderit recusandae non at facere sint a accusamus.', '<p>Est eum a molestiae cumque velit. Doloremque earum dolore nam. Quod sapiente voluptate consequatur. Et non unde et temporibus accusantium et enim incidunt consequatur. Possimus sed libero voluptatem inventore eaque ipsam aut molestiae dolore. Sit quia quis necessitatibus unde sed officia. Dolor voluptates magni maiores minima provident beatae cum ut laboriosam. Alias maiores blanditiis numquam et est.</p> <p>Mollitia repellat omnis voluptas. Libero et dolorum fuga possimus earum similique. Velit labore tempora rerum numquam ut. Porro omnis fugiat autem qui minus. Dolorem nesciunt ut ipsum. Ea molestiae excepturi et.</p>', X'737072696e74', NULL, '6', '1', '2019-05-14 21:07:59', '2019-05-14 21:07:59', NULL, '4', '2', '0', '13', X'636c6f736564', 'Bug'),
('98', 'LT', 'Qui ea eos ipsa magni aliquid magni repudiandae sunt maiores.', '<p>Ut et recusandae iste. Qui quasi fuga nisi fuga. Cum voluptas omnis blanditiis recusandae tempora labore facere quaerat doloremque. Nihil ad occaecati cum ut odio quo quia enim et. Sit omnis impedit nostrum similique fugit quis quibusdam.</p> <p>Nesciunt et nulla sed et id iure architecto harum libero. Unde et non ratione fugiat. Officiis excepturi harum fugit odit explicabo ratione magni omnis nesciunt. Qui autem perferendis cupiditate dolorem distinctio. Quisquam harum dolor sed quod enim.</p>', X'737072696e74', NULL, '6', '1', '2019-05-14 21:07:59', '2019-05-14 21:07:59', NULL, '2', '1', '0', '3', X'636c6f736564', 'Bug'),
('99', 'LT', 'Aut est explicabo vel sit quisquam voluptas velit voluptates aut.', '<p>Dignissimos commodi doloremque et est qui. Exercitationem ea sed in veritatis doloremque rerum voluptatibus. Provident sed quia sit vitae ipsam voluptatum. Facilis esse architecto quasi asperiores. Nihil eligendi ut dolores. Rerum quia ipsam maxime et.</p> <p>Et assumenda aut est est quia autem commodi distinctio. Quos recusandae qui fuga iure. Est est nisi alias a et architecto necessitatibus eius. Totam alias et et quas. Aut odit dolor. Quia iste voluptas quis et perspiciatis autem nobis quia quos. Aspernatur molestiae deleniti nihil atque expedita est velit.</p>', X'737072696e74', NULL, '6', '1', '2019-05-14 21:07:59', '2019-05-14 21:07:59', NULL, '1', '2', '0', '144', X'636c6f736564', 'Feature'),
('100', 'LT', 'Minus earum repellendus cum est est id aut ullam labore.', '<p>Quia non aut voluptas quae consequatur asperiores. Adipisci quasi dolore. Animi et commodi aspernatur et quam ratione. Quam voluptatem quam id. Quia harum quod voluptatem quaerat commodi accusamus omnis necessitatibus provident. Placeat cumque enim non. Repudiandae exercitationem adipisci et consequuntur unde accusamus aut.</p> <p>Pariatur et recusandae id et dignissimos. Assumenda neque qui et omnis minima esse. Natus voluptas nihil aliquid dolorem et. Et illo repudiandae alias. Qui aliquam eaque et eveniet ut. Dolorem voluptates quam rerum ratione. Provident sed et maiores laboriosam eveniet et. Asperiores et natus quis nihil error alias quidem accusamus voluptatem.</p>', X'737072696e74', NULL, '6', '1', '2019-05-14 21:07:59', '2019-05-14 21:07:59', NULL, '1', '2', '0', '2', X'636c6f736564', 'Bug'),
('101', 'LT', 'Eveniet eos ducimus sint aut totam repellat hic repellendus cum.', '<p>Autem qui tempora quisquam perspiciatis. Quia aspernatur et asperiores error iure dolorem. Veniam odit blanditiis. Laboriosam in quia voluptates. Quibusdam ea hic corrupti expedita corrupti a qui est. Magnam distinctio asperiores. Qui odio delectus quo inventore ipsam pariatur.</p> <p>Quasi voluptatem omnis nihil quia ipsa. Tenetur ut ea eos porro. Numquam et perspiciatis numquam animi rerum odio. Expedita ea ut possimus eligendi quam culpa. In qui totam ab consequatur temporibus. Amet corporis libero odit id.</p>', X'737072696e74', NULL, '6', '1', '2019-05-14 21:07:59', '2019-05-14 21:07:59', NULL, '4', '1', '0', '2', X'636c6f736564', 'Bug'),
('102', 'LT', 'Rerum dolores laudantium adipisci non in dolore doloremque autem rerum.', '<p>Et nihil ducimus iusto et omnis neque officia voluptatum. Repellat maiores ut ipsam recusandae. Voluptates fugit dolorem unde sunt sit. Est molestias accusamus dolores. Repellat commodi fuga et in corporis fugit ut quam laboriosam. Corporis id et vero ut qui.</p> <p>Quas tempora eos eligendi et et. Exercitationem qui quis voluptatem dolorem. Inventore reprehenderit est reprehenderit sit inventore. Culpa voluptas est autem enim est dicta ea reiciendis. Est doloremque et aut vero. Officia facilis aperiam a. Qui suscipit nam vel non non id maxime. Dolorem neque tenetur cumque.</p>', X'737072696e74', NULL, '6', '1', '2019-05-14 21:07:59', '2019-05-14 21:07:59', NULL, '5', '5', '0', '1', X'636c6f736564', 'API'),
('103', 'LT', 'Eaque voluptas quae delectus eveniet culpa aliquam molestias nesciunt officiis.', '<p>Vitae officiis earum nihil numquam totam fugiat accusamus. Ea ut veniam porro tempora itaque sed laboriosam et. Et aut asperiores totam expedita ex dolore optio. Impedit dolorem ducimus iure pariatur distinctio sed. Ad ab molestiae eum et ut sunt rerum est illo. Velit vel ea est qui magnam aut non rem. Laborum reprehenderit eveniet quam dolor optio ut doloribus. Distinctio nesciunt qui amet excepturi qui quia rerum.</p> <p>Aut ut quia ipsa voluptates illum exercitationem velit. Omnis reprehenderit sunt aut. Nesciunt ut exercitationem. Debitis delectus vitae inventore labore. Ducimus fugit enim culpa. Distinctio in beatae distinctio suscipit vel repudiandae qui et.</p>', X'737072696e74', NULL, '6', '1', '2019-05-14 21:07:59', '2019-05-14 21:07:59', NULL, '5', '5', '0', '21', X'636c6f736564', 'Infrastructure'),
('104', 'LT', 'Maiores ut vero officia fugiat aut inventore est alias sit.', '<p>Repudiandae excepturi ducimus ipsa veritatis. Rerum molestias molestias sunt voluptas et quia. Accusantium quis officiis excepturi et qui ratione quidem ut. Voluptate aut dolor distinctio cupiditate velit modi qui. Nihil ipsum pariatur eum tempora facilis accusamus libero sed quia. Vero voluptas omnis. Sed recusandae nihil fuga quia eveniet quos accusamus delectus.</p> <p>Sint repudiandae voluptatem voluptatem aperiam saepe. Quae molestiae inventore pariatur quaerat eveniet velit. Molestiae quo tempora illo esse quasi eos iste sed. Eaque non quo. Sed quis beatae quasi culpa. Rem quae doloribus id. Beatae aliquid quod dolor aperiam consectetur odio dolore. Fugiat fugit libero illo nihil aut enim labore qui.</p>', X'737072696e74', NULL, '6', '1', '2019-05-14 21:07:59', '2019-05-14 21:07:59', NULL, '2', '1', '0', '34', X'636c6f736564', 'Design'),
('105', 'LT', 'Quae quia sequi aspernatur nostrum porro quisquam incidunt labore placeat.', '<p>Esse quidem magnam vero quos cupiditate. Culpa pariatur autem et omnis ut. Exercitationem ut vero eius culpa necessitatibus. Reprehenderit nihil et eligendi nihil eos consequuntur ipsum rem atque. Quis odit sit est nemo reprehenderit velit qui ducimus. Neque fugiat voluptatem culpa. Saepe sit accusamus natus a. Temporibus sapiente consequuntur.</p> <p>Tempore minus voluptatem accusamus molestiae aut repellat et dolorem nam. Quaerat non eum ex cum. Magni occaecati est quo qui aliquid blanditiis repellat. Fugiat tempore corporis sint ut exercitationem nihil culpa. Quia ipsum autem. Doloribus laboriosam vitae explicabo velit blanditiis exercitationem quod. Voluptas at aut consectetur vero. Vero quo a et.</p>', X'737072696e74', NULL, '6', '1', '2019-05-14 21:07:59', '2019-05-14 21:07:59', NULL, '4', '2', '0', '3', X'636c6f736564', 'Infrastructure'),
('106', 'LT', 'Eligendi voluptas dicta culpa ipsum eaque rerum consequatur accusamus omnis.', '<p>Molestiae recusandae omnis autem non facere dolorem itaque voluptate minima. Pariatur voluptas consequatur maiores maxime sint vel. Quis nesciunt temporibus at dolorem. In facere neque qui libero fugit alias sed voluptas. Facilis voluptatem cupiditate et similique adipisci adipisci iusto est. Sapiente architecto iusto placeat maiores ut debitis inventore. Non vel voluptas dignissimos sequi in iusto corrupti assumenda. Sit culpa laudantium ab similique nam deserunt ea mollitia.</p> <p>Fugit ut et vero velit in laudantium minus officia. Quis et sunt nihil deserunt quia impedit. Velit voluptatem ut ut quo voluptas similique. Perferendis beatae id atque nam ea dignissimos delectus. Architecto et corporis id quis nemo et.</p>', X'737072696e74', NULL, '6', '1', '2019-05-14 21:07:59', '2019-05-14 21:07:59', NULL, '5', '6', '0', '5', X'636c6f736564', 'Bug'),
('107', 'LT', 'Veritatis eos distinctio sunt architecto reprehenderit atque error autem tenetur.', '<p>Est et autem ut sed quisquam repellat enim. Rerum id inventore id rerum ex explicabo. Sed officia qui. Quae autem voluptatem eum non nihil sit eligendi et. Ut consectetur voluptatem accusantium quia aut id optio qui modi. Vel eligendi error quia. Dolor amet ipsum et. Aspernatur perspiciatis facilis sit corrupti pariatur.</p> <p>At omnis placeat necessitatibus ut. Enim enim sed itaque ipsum qui fugit voluptatem eligendi quia. Placeat porro voluptatem nostrum. Laborum laudantium dolorem ab molestiae culpa eligendi quam et eligendi. Suscipit eveniet voluptate consequuntur eum adipisci est consequuntur sit. Earum nesciunt error omnis quibusdam. Autem aliquid quis distinctio ullam ab. Fugit sed aliquam.</p>', X'737072696e74', NULL, '6', '1', '2019-05-14 21:07:59', '2019-05-14 21:07:59', NULL, '5', '2', '0', '233', X'636c6f736564', 'UI'),
('108', 'LT', 'Et consequatur necessitatibus dolores qui enim eligendi nobis nemo error.', '<p>Voluptatum et hic delectus praesentium. Enim sint cumque aperiam perspiciatis consequatur itaque sed nesciunt. Possimus qui aut. Est eos autem aut cumque porro rem molestiae et. Repellat nam nam excepturi.</p> <p>Debitis vel perspiciatis. Odio assumenda dolor quaerat debitis modi quae in. Sed et incidunt alias. Fuga nulla quam. Voluptatem est dolorum qui neque eos expedita. Sequi occaecati sed nisi dolorum natus veritatis amet fugit harum. Harum aut vel inventore qui ipsum. Odio qui ducimus voluptas est ut cupiditate omnis qui dolores.</p>', X'737072696e74', NULL, '6', '1', '2019-05-14 21:07:59', '2019-05-14 21:07:59', NULL, '4', '2', '0', '3', X'636c6f736564', 'Feature'),
('109', 'LT', 'Blanditiis quia aperiam et quas quod reiciendis sed rerum necessitatibus.', '<p>Perferendis optio nesciunt accusantium voluptas esse. Sed magni omnis aut quidem inventore natus expedita omnis. Incidunt sit et dolor nulla. Eos omnis odio quia tempora. Earum cum distinctio qui.</p> <p>In in qui repellendus. Id aperiam corporis itaque. Eveniet ab nihil qui nihil ad error. At nulla ipsam aut et autem ab. Quo et labore. Aliquid fugiat aut optio ex quas quia iste sint.</p>', X'737072696e74', NULL, '6', '1', '2019-05-14 21:07:59', '2019-05-14 21:07:59', NULL, '4', '2', '0', '1', X'636c6f736564', 'UI'),
('110', 'LT', 'Est aut velit numquam veniam eveniet sint ipsa consequatur consequuntur.', '<p>Maxime quia reiciendis rerum est et. Architecto magni quae recusandae et non. Libero est a quia vitae iste ex. Facere sint aut est sed aut ut pariatur. Libero excepturi voluptas. Non voluptas facilis consequatur aut quis. Exercitationem harum earum. Culpa qui non.</p> <p>Occaecati aut rerum natus non. Quod tempora natus a consequatur nulla fugit accusantium laudantium ut. Delectus quia odio nisi eligendi magni assumenda iure enim. Et asperiores vel ipsam. Maiores facere nisi et inventore quidem odit aut consequatur et. Aut asperiores culpa in omnis inventore quos cumque unde. Repellat deleniti inventore. Suscipit illo quae et modi.</p>', X'737072696e74', NULL, '6', '1', '2019-05-14 21:07:59', '2019-05-14 21:07:59', NULL, '5', '1', '0', '13', X'636c6f736564', 'API'),
('111', 'LT', 'Quo sunt eveniet officiis atque iste rerum optio voluptatem possimus.', '<p>Et qui velit maxime enim et. Minus suscipit sunt dignissimos excepturi in est delectus error. Quos consequatur blanditiis minus omnis deleniti voluptate officia assumenda. Corrupti ut nihil consectetur ipsam nulla qui expedita dicta aperiam. Enim aspernatur repudiandae est odit cumque. Voluptatem corporis ea laboriosam. Officiis error ut aut voluptatibus quisquam.</p> <p>Laborum occaecati adipisci quia laudantium non veritatis. Totam laboriosam eum id. Et amet qui incidunt aut quisquam tempore. Exercitationem occaecati amet quam velit voluptatem labore eos. Ut beatae recusandae id eius est earum voluptas illum. Consequatur possimus magnam debitis voluptatem fugiat necessitatibus. Dignissimos aut corporis maxime in illo in voluptatem.</p>', X'737072696e74', NULL, '6', '1', '2019-05-14 21:07:59', '2019-05-14 21:07:59', NULL, '6', '2', '0', '377', X'636c6f736564', 'API'),
('112', 'LT', 'Hic non voluptatem dolor consequatur est ex fugit adipisci voluptatem.', '<p>Consequatur iure quod et. Illo quam rerum sed praesentium eum et. Voluptas doloremque at illum ipsum inventore id esse natus sequi. Fuga porro qui non quam omnis tenetur. In aut blanditiis.</p> <p>Voluptatibus quia iusto dolore eum ut maiores at. Nihil adipisci sit dolore animi corrupti. Commodi modi possimus ut et sunt quis aliquam voluptatem fugiat. Soluta libero nemo cumque facere impedit velit et sed. Rem enim expedita dolor vitae omnis.</p>', X'737072696e74', NULL, '6', '1', '2019-05-14 21:07:59', '2019-05-14 21:07:59', NULL, '4', '5', '0', '3', X'636c6f736564', 'UI'),
('113', 'LT', 'Et omnis maiores tempora numquam neque necessitatibus doloremque vel velit.', '<p>Error voluptatum sit ipsa reprehenderit earum molestiae corporis doloremque voluptatem. Error animi est enim. Voluptatem quam error enim soluta earum. Eum laboriosam dolorem sint sint suscipit asperiores dolor consequatur quae. Et recusandae pariatur cupiditate et nesciunt. Amet velit placeat reiciendis harum iste quaerat laborum. Quas dolore illum earum quaerat. Commodi quia vitae consequuntur vel voluptatem voluptatem nobis rerum.</p> <p>Ab tenetur corrupti. Quia molestiae a consequuntur. Neque voluptatibus incidunt similique et ut rerum qui velit. Consequatur praesentium atque molestiae sunt. Veniam doloremque aspernatur exercitationem illo ut ullam occaecati perspiciatis. Aut qui et quasi.</p>', X'737072696e74', NULL, '6', '1', '2019-05-14 21:07:59', '2019-05-14 21:07:59', NULL, '2', '6', '0', '1', X'636c6f736564', 'API'),
('114', 'LT', 'Qui sint ut et illum similique vitae consequuntur ut dolores.', '<p>Aliquam rem labore esse esse sed. Consectetur incidunt voluptatem velit voluptas quibusdam mollitia placeat. Omnis quia alias autem eos dicta porro dolor et. Minima omnis expedita vitae minus aut. Qui nulla quae ducimus quibusdam facere quia est a. Mollitia quisquam aut aut sunt doloremque ea qui id laborum. Ut veniam qui ipsam. Aut eius reiciendis sequi rem totam sit.</p> <p>Veritatis quia quia illum. A aperiam est et libero reiciendis. Dolor expedita temporibus maxime aut. Laborum qui sit libero totam nam aliquam nihil. Quidem cupiditate qui placeat placeat neque aut animi. Voluptatem voluptatibus consequatur natus quos. Est et praesentium quia id aut possimus. Quia ea saepe.</p>', X'737072696e74', NULL, '6', '1', '2019-05-14 21:07:59', '2019-05-14 21:07:59', NULL, '1', '4', '0', '5', X'636c6f736564', 'UI'),
('115', 'LT', 'Voluptatem nam tempore maiores asperiores cupiditate et reprehenderit enim reiciendis.', '<p>Totam dicta sunt in et quis delectus inventore quae ea. Quas soluta est accusantium sint incidunt sequi. Et et consequuntur dolor autem alias non numquam. Hic reprehenderit facilis. Enim dicta officia corrupti eligendi optio.</p> <p>A veniam eius nobis corporis eum vitae quas. Harum consequuntur facere rerum maiores facilis sint dolorem voluptas reprehenderit. Eligendi dolores error suscipit magni et. Corrupti voluptates dolore eos ex non voluptas repellat asperiores. Ut sed rem. Veritatis excepturi impedit aut ut magnam vel. Sunt sunt facilis atque rem maxime. Qui sapiente voluptatem illo consequuntur adipisci vel illo officia.</p>', X'737072696e74', NULL, '6', '1', '2019-05-14 21:07:59', '2019-05-14 21:07:59', NULL, '6', '1', '0', '8', X'636c6f736564', 'Bug'),
('116', 'LT', 'Quia et in quas minus quae illum velit dolor aut.', '<p>Aperiam quidem ullam. Molestiae officiis culpa tempora quisquam corporis omnis est. Molestiae in occaecati et iusto dignissimos. Necessitatibus ut praesentium nihil reiciendis debitis iure et similique vel. Porro incidunt consequuntur laboriosam nihil dignissimos iusto magnam quis.</p> <p>Unde voluptatem corporis nobis fuga numquam quae neque quia corrupti. Rerum nemo aut. Et aut iste quo voluptatem voluptatibus vero cum illo. Tempora aspernatur ex facilis. Esse nostrum itaque repellat illo tenetur. Dolores quasi atque aut consequatur qui et totam. Iure et omnis repudiandae fugiat doloremque. Dolorem ab consequatur qui corrupti architecto et totam.</p>', X'737072696e74', NULL, '6', '1', '2019-05-14 21:07:59', '2019-05-14 21:07:59', NULL, '5', '5', '0', '5', X'636c6f736564', 'API'),
('117', 'LT', 'Voluptas voluptas est ratione ratione aliquid ducimus odio qui nihil.', '<p>Aut veritatis maxime aut rerum. Et placeat ea accusamus et eum at modi aspernatur. Nesciunt ad laborum sed voluptatem et accusamus et. Ut nostrum qui veniam a voluptates repellendus. Soluta ullam animi distinctio accusantium quasi maxime ut. Amet magnam ut eos sit illo beatae.</p> <p>Et qui quia quo sed. Repellendus saepe blanditiis rem unde est. Ut ipsam modi voluptatibus hic dolor quidem. Aut ducimus ut eveniet cupiditate voluptatibus architecto alias voluptas. Iure quaerat quia est voluptatem quia id perferendis non. Sed facere nihil ut a ipsam rerum facilis perspiciatis necessitatibus.</p>', X'737072696e74', NULL, '6', '2', '2019-05-14 21:07:59', '2019-05-14 21:07:59', NULL, '4', '6', '0', '8', X'636c6f736564', 'UI'),
('118', 'LT', 'Atque commodi veniam qui eum quaerat adipisci accusamus qui sequi.', '<p>Quidem velit impedit vel quibusdam mollitia autem itaque aperiam. Neque ea corporis est. Vel aspernatur deserunt qui veniam harum. Dolore nobis fugit. Error quos impedit placeat hic dolore animi eius natus aspernatur. Et voluptatem quisquam sit doloribus est.</p> <p>In labore rerum delectus facilis praesentium est dicta. Cum odio veritatis aut. Ut quis laborum accusamus assumenda aliquam distinctio velit tempore dolores. Praesentium sed quaerat. Fugit id suscipit id perspiciatis quaerat odio pariatur nemo. Ipsum deserunt architecto sit ea voluptate. Et inventore cupiditate odio et. Corporis et ullam et aut quidem.</p>', X'737072696e74', NULL, '6', '2', '2019-05-14 21:07:59', '2019-05-14 21:07:59', NULL, '2', '5', '0', '1', X'636c6f736564', 'Bug'),
('119', 'LT', 'Ut accusamus eius corporis facilis quis quod iusto ad voluptas.', '<p>Quasi voluptatem sunt beatae. Iure minus inventore nemo delectus rem iure explicabo. Eos magni aliquid asperiores id laudantium voluptatem. Optio quia dignissimos. Quasi tempora quasi reiciendis impedit aut iure error enim quis. Repudiandae soluta tempore ut.</p> <p>In consequatur laboriosam excepturi qui. Voluptas magni et dolorem dignissimos. Consequatur aliquam debitis itaque. Autem harum sapiente atque iure. Accusamus cumque explicabo repudiandae dolorem voluptatum optio recusandae qui quia. Quia enim eos aut hic vitae et.</p>', X'737072696e74', NULL, '6', '2', '2019-05-14 21:07:59', '2019-05-14 21:07:59', NULL, '2', '1', '0', '1', X'636c6f736564', 'API'),
('120', 'LT', 'Enim consequatur corporis recusandae eius autem ut sit hic ea.', '<p>Ipsam nemo tempora doloremque doloribus excepturi. Aliquam sit ipsum eaque repudiandae earum explicabo quod eius. Repellendus ipsam officia cupiditate. Et dolorum nam dolorum molestiae. Qui culpa sapiente voluptas.</p> <p>Aliquid similique soluta recusandae voluptates tempora possimus cupiditate sed. Odio id quia neque accusamus nulla est. Voluptatibus reiciendis quia. Blanditiis facere saepe nemo error reprehenderit aut porro. Quibusdam beatae architecto. Accusamus atque ipsa aspernatur aspernatur ducimus reprehenderit sed. Modi porro voluptatem voluptatum.</p>', X'737072696e74', NULL, '6', '2', '2019-05-14 21:07:59', '2019-05-14 21:07:59', NULL, '1', '2', '0', '8', X'636c6f736564', 'Design'),
('121', 'LT', 'Consectetur iste sequi pariatur sint qui omnis ea et nemo.', '<p>Et ex eius debitis. Sed quas et rerum. Eos consequatur est praesentium ea tempore fuga quos nihil in. Accusantium deleniti voluptate dignissimos. Hic facere perspiciatis necessitatibus illo. Ut pariatur voluptatem doloribus soluta culpa accusamus qui magnam. Porro pariatur tempore voluptatem fugit reprehenderit laboriosam hic ut corrupti.</p> <p>Libero dignissimos beatae earum qui eius tempore. Non optio voluptatum rem illo saepe ipsam. Qui occaecati cum. Dignissimos ut reiciendis consequatur ratione natus. Enim ab perspiciatis consequatur quos. Veniam rem nulla quo quia perferendis. Rerum illum sequi est ut sit magni aut eos.</p>', X'737072696e74', NULL, '6', '2', '2019-05-14 21:07:59', '2019-05-14 21:07:59', NULL, '4', '5', '0', '2', X'636c6f736564', 'Design'),
('122', 'LT', 'Vero amet animi et et et eos unde labore autem.', '<p>Officia porro ullam expedita voluptatem et dolorum tempore. Quam beatae fuga nulla ut accusamus quia saepe sit. Ipsam aspernatur est ab ipsum. Numquam perferendis repudiandae sit nam ad sunt aspernatur error maiores. Ea aut veniam mollitia itaque et et.</p> <p>Doloribus assumenda ea dolor quos. Aspernatur qui alias aut. Dolor cupiditate distinctio expedita et eligendi aut sapiente consequatur reiciendis. Eligendi qui quia impedit ipsa magni exercitationem omnis molestiae iste. Praesentium non temporibus ullam architecto magni quidem magnam officiis. Perspiciatis doloribus atque consequatur temporibus quaerat. Aut inventore et voluptate ducimus voluptate. Illo corrupti nobis ipsum et id asperiores et consequatur architecto.</p>', X'737072696e74', NULL, '6', '2', '2019-05-14 21:07:59', '2019-05-14 21:07:59', NULL, '4', '1', '0', '5', X'636c6f736564', 'Bug'),
('123', 'LT', 'Nostrum quod eum magni consequuntur dolorum sed neque nulla est.', '<p>Totam modi maiores quod ab debitis sapiente. Consequatur nihil voluptate similique id. Consequatur fugiat sit sit molestias molestiae error aperiam sequi. Id ullam non hic exercitationem. Voluptas nobis ipsa aut autem est molestiae non excepturi nostrum. Veniam quia non quaerat dignissimos eius. Est sint aut. Sint ea ratione nihil ex.</p> <p>Expedita id sit dolore. Mollitia possimus distinctio doloribus eaque culpa quia eius voluptas. Sit architecto omnis. Sed cumque enim. Aut autem cumque nostrum eum vero. Sapiente tempore quis nobis sed neque quia cum rerum autem. Aut nostrum aut perspiciatis perferendis.</p>', X'737072696e74', NULL, '6', '2', '2019-05-14 21:07:59', '2019-05-14 21:07:59', NULL, '5', '6', '0', '34', X'636c6f736564', 'Feature'),
('124', 'LT', 'Dolor esse quia autem atque repudiandae sed non sed vero.', '<p>Et dignissimos voluptas excepturi aut quia corporis. Ab dolores aut sit ut occaecati. Omnis et est impedit nihil deleniti harum occaecati. Similique possimus quidem id enim. Sit quis molestiae autem. Distinctio qui deleniti ut.</p> <p>Et molestiae voluptatem corrupti hic harum dolore. Corrupti quasi repellendus. Dolores eos reiciendis dolore est enim nihil aut non placeat. Ut minima numquam est ea atque a. Delectus delectus voluptatibus velit eveniet cupiditate nam fuga vero.</p>', X'737072696e74', NULL, '6', '2', '2019-05-14 21:07:59', '2019-05-14 21:07:59', NULL, '1', '1', '0', '1', X'636c6f736564', 'API'),
('125', 'LT', 'Nihil velit vel eum repellat quam repudiandae sit dolorum et.', '<p>Minus consequuntur rerum. Aut animi ad sapiente omnis tenetur. Aliquid autem accusantium neque enim. Velit quos sed magnam suscipit eum repellendus sint et. Est ratione id sit ut explicabo.</p> <p>Quasi et dicta doloremque velit repellendus odio enim et rerum. Ut et qui hic animi totam voluptates vel aut sapiente. Aliquid iure natus consequatur recusandae. Tempora fugiat sed et et aspernatur. Neque neque quia sunt explicabo itaque id quisquam.</p>', X'737072696e74', NULL, '6', '2', '2019-05-14 21:07:59', '2019-05-14 21:07:59', NULL, '4', '2', '0', '2', X'636c6f736564', 'API'),
('126', 'LT', 'Qui corporis id sapiente doloremque ut aut illo vel excepturi.', '<p>Aperiam qui inventore et tenetur dignissimos totam eaque ut. Voluptate omnis culpa error eos quasi saepe ab ea. Quidem maiores aliquid ut. Ducimus autem est praesentium animi sed nobis doloremque in. Voluptatem in alias natus accusamus perspiciatis ea. Esse doloribus magni placeat animi.</p> <p>Inventore neque sed praesentium dolor ea odit. Ea nulla et quis id consequatur at illum. Quia excepturi sequi id consequuntur voluptatem. Voluptas commodi accusantium quasi qui rerum itaque et delectus illum. Sint magnam beatae aut eum porro in et nihil. Modi explicabo ratione expedita quia ea et. Temporibus cupiditate cum mollitia possimus molestiae et quia voluptatem explicabo.</p>', X'737072696e74', NULL, '6', '2', '2019-05-14 21:07:59', '2019-05-14 21:07:59', NULL, '4', '4', '0', '5', X'636c6f736564', 'Bug'),
('127', 'LT', 'Velit debitis dolorum qui reprehenderit sed tenetur blanditiis nobis necessitatibus.', '<p>Fuga est adipisci magnam aliquam veniam doloribus eveniet. Quo et quisquam dolore debitis accusamus quos. Molestias in id vel adipisci quae. Asperiores quia velit aut deserunt molestiae omnis nesciunt. Vel optio aut. Atque corporis in fuga.</p> <p>Veniam eius et quia quidem velit necessitatibus iure eum. Suscipit saepe aut sequi optio. Saepe impedit similique excepturi qui repudiandae cupiditate sit. Eligendi placeat odit ut vero consectetur cumque est. Nemo et tempore itaque rerum quasi. Mollitia rem necessitatibus. Qui necessitatibus laborum veritatis in rem ex distinctio eos cum. Similique ut autem dolor facilis ducimus nam assumenda.</p>', X'737072696e74', NULL, '6', '2', '2019-05-14 21:07:59', '2019-05-14 21:07:59', NULL, '4', '2', '0', '377', X'636c6f736564', 'Infrastructure'),
('128', 'LT', 'Minus est quis sunt autem fugiat et reiciendis labore quidem.', '<p>Pariatur nulla facere laudantium temporibus. Odit est fugiat enim. Ratione est voluptatem occaecati similique qui ab sequi velit. Ut expedita et velit molestiae doloremque minima autem aliquid numquam. Inventore doloribus voluptatum et error mollitia incidunt quis adipisci id. Saepe quia suscipit delectus cumque qui. Quam autem qui quo non.</p> <p>Eum a officiis veritatis. Inventore quo aliquid corporis debitis cumque sunt. Tempore corporis amet esse et labore. Laudantium sunt modi cumque sit. Ipsa ea in quidem quia adipisci culpa animi. Esse velit et numquam vitae. Reiciendis nisi aliquam eveniet aliquid ex ullam odio.</p>', X'737072696e74', NULL, '6', '2', '2019-05-14 21:07:59', '2019-05-14 21:07:59', NULL, '4', '5', '0', '1', X'636c6f736564', 'Bug'),
('129', 'LT', 'Id alias dolor sit perspiciatis quia natus facere tempore sit.', '<p>Deserunt quia sapiente voluptas earum reprehenderit molestiae. Explicabo quia consequuntur sit autem minima eligendi similique omnis quia. Aliquam recusandae ratione dicta sed fugit quaerat dolor quos officia. Et ad error et. Quia cupiditate earum aperiam optio iusto voluptatibus hic iusto ad. Voluptatum aliquid quis quaerat neque quia mollitia est optio. Non minus id quasi at quis dolorem minima.</p> <p>Id voluptate quibusdam cupiditate aut ex corporis veritatis ipsa. Inventore ea magnam ipsum quo quia ut quo vitae. Omnis tenetur ut suscipit. Esse dolor cumque itaque vero voluptatem. Assumenda beatae dolorem.</p>', X'737072696e74', NULL, '6', '2', '2019-05-14 21:07:59', '2019-05-14 21:07:59', NULL, '1', '2', '0', '144', X'636c6f736564', 'UI'),
('130', 'LT', 'Facilis iure ea incidunt veniam quas amet et non consequatur.', '<p>Dolor et sequi. Illo eius perspiciatis pariatur tempore molestiae perferendis molestias eligendi. Aspernatur assumenda in commodi perferendis et totam hic ipsum mollitia. Maiores est consequatur exercitationem ducimus sapiente dolorem veritatis sint. Molestias ducimus dolor. Quod sit facere quam nisi illo et voluptates velit aut. Perspiciatis veritatis doloribus id maiores incidunt repudiandae eum. Voluptatem aut rerum qui.</p> <p>Sit quis beatae. Accusamus magnam dolore aliquam ipsam ut omnis qui blanditiis. Aut nihil consectetur commodi rerum provident reiciendis ullam sed nam. Consequatur possimus aut blanditiis eos quibusdam numquam quasi officia. Tempora est est quisquam consequatur. Culpa velit veritatis nihil et soluta et. Aut in aliquam sed quam quam necessitatibus aut eum. Id natus veritatis quibusdam.</p>', X'737072696e74', NULL, '6', '2', '2019-05-14 21:07:59', '2019-05-14 21:07:59', NULL, '1', '5', '0', '2', X'636c6f736564', 'Feature'),
('131', 'LT', 'Facere aliquid consequatur perferendis consequatur hic nemo nihil et rerum.', '<p>Quia alias non ut fuga vitae et quia est et. Modi sunt cupiditate velit accusamus a dicta magnam. Ut mollitia voluptatibus ut aut tempore ab. Consectetur enim et harum facilis explicabo optio similique mollitia. Earum quos magnam aut. A velit ratione quis dolores possimus. Consequatur est velit. Non suscipit est voluptatem modi cum.</p> <p>Facere ullam accusantium impedit officiis quia cum amet qui. Et veniam cum corporis quod. Cum voluptatem quaerat repellat qui. Dolore nesciunt non ut. Maiores sed non quo molestiae nam. Itaque aperiam itaque.</p>', X'737072696e74', NULL, '6', '2', '2019-05-14 21:07:59', '2019-05-14 21:07:59', NULL, '1', '4', '0', '2', X'636c6f736564', 'UI'),
('132', 'LT', 'Nihil ullam enim nesciunt et voluptatibus voluptatem eos tempore recusandae.', '<p>Et sunt eum sit porro fugit. Omnis voluptas qui libero vero. Architecto quisquam rerum eum veritatis consectetur exercitationem eveniet. Sed qui sapiente delectus maiores commodi quis quasi. Ipsa vitae accusantium mollitia laboriosam quasi aperiam ut autem facere.</p> <p>In dolorum cupiditate beatae et. Vel illo ex dolorum est placeat. Sed non culpa quod molestiae quia. Et nisi sit autem voluptas ipsam sit. Animi culpa eveniet illum. Debitis ratione neque sunt asperiores. Qui et quos et consequuntur repellendus. Modi odit dicta aut nostrum autem dicta nam facilis.</p>', X'737072696e74', NULL, '6', '2', '2019-05-14 21:07:59', '2019-05-14 21:07:59', NULL, '1', '1', '0', '3', X'636c6f736564', 'Design'),
('133', 'LT', 'Voluptas omnis sed non quam ratione voluptatum vero fugit molestias.', '<p>Quia non optio consequatur aliquam facilis et molestiae non quae. Quia voluptatum soluta delectus. Eum culpa ullam sit nihil. Ut voluptatem suscipit voluptas rem sed minima. Numquam cumque quis. Fuga quia maiores odio corporis nihil corrupti debitis.</p> <p>Natus pariatur delectus nihil officia. Velit maxime et ex aliquid. Adipisci occaecati eos. Voluptatem et at dolor quibusdam. Maiores veniam amet vel in quo. Beatae est nisi quia quod eos velit. Doloribus ullam nulla deserunt. Maiores maxime accusantium necessitatibus esse quae eius provident quod reprehenderit.</p>', X'737072696e74', NULL, '6', '2', '2019-05-14 21:07:59', '2019-05-14 21:07:59', NULL, '6', '5', '0', '5', X'636c6f736564', 'API'),
('134', 'LT', 'Nulla aliquid blanditiis deleniti quidem aperiam enim sunt facilis qui.', '<p>Consequatur quam impedit velit delectus iusto cupiditate est. Provident quis dolor iure occaecati qui adipisci sed. Dolore dignissimos sed aut quaerat. Laudantium nostrum nam eius accusantium quia. Dolor minima minima sint dolorem delectus ullam voluptatum. Quis autem occaecati commodi eos eveniet autem. Dicta veritatis consequatur et neque ea est porro dolores excepturi.</p> <p>Aspernatur minima necessitatibus omnis sit officiis omnis. Quia non at dolorum aspernatur dolor. Alias minus sint velit. Hic veritatis sed vero deleniti doloremque et eum cum. Quaerat facere debitis quis cupiditate porro. Ex nulla et commodi dolores. Vel aliquam nam facilis perferendis quo consequatur.</p>', X'737072696e74', NULL, '6', '2', '2019-05-14 21:07:59', '2019-05-14 21:07:59', NULL, '4', '4', '0', '3', X'636c6f736564', 'Bug'),
('135', 'LT', 'Dolor voluptate nesciunt est numquam quis neque eius magni officiis.', '<p>Aut asperiores reprehenderit et praesentium qui. Ex iste nostrum. Autem enim repellendus consequuntur adipisci laboriosam voluptatem et consequatur. Ab odit nulla recusandae nobis earum reiciendis vel. Unde laboriosam optio veritatis voluptatem ipsum laudantium quod.</p> <p>Quasi aspernatur mollitia delectus adipisci non est nostrum. Laborum sunt qui ipsum dolorem. Sit sint est. Omnis dolor numquam impedit autem qui eos et. Et iusto similique et qui sit animi et. Et sed est explicabo.</p>', X'737072696e74', NULL, '6', '2', '2019-05-14 21:07:59', '2019-05-14 21:07:59', NULL, '1', '5', '0', '5', X'636c6f736564', 'Design'),
('136', 'LT', 'Omnis eum et quos voluptas iusto ut asperiores quia modi.', '<p>Rem eius autem reprehenderit perferendis. Ut voluptatem accusantium repellat beatae eum cum eum. Commodi repellendus et autem dolores tempora ut odit. Corrupti dolores sequi similique sint explicabo. Dolores eaque et fugit earum dolor reprehenderit. In ipsum optio. Perspiciatis ratione sunt ipsa dolor aut tenetur.</p> <p>Enim odit vero eaque neque ut est. Quos quaerat soluta molestias est recusandae. Enim non et molestiae in esse. Nulla eum et quia earum dignissimos et neque. Quisquam voluptatem consequatur animi aut eos eos placeat saepe vero. Adipisci labore placeat magni repudiandae ea aut voluptatum libero consequatur. Quo aut sequi quasi tempore dicta consectetur.</p>', X'737072696e74', NULL, '6', '2', '2019-05-14 21:07:59', '2019-05-14 21:07:59', NULL, '5', '2', '0', '3', X'636c6f736564', 'UI'),
('137', 'LT', 'Tempore enim in voluptas quaerat deleniti sit rerum voluptates quia.', '<p>Fuga et quae et impedit dolore praesentium quia molestiae. Unde corporis tempore animi. Tempore voluptatem incidunt voluptatibus sit quas eveniet nihil voluptatem. Delectus ullam voluptates. Est modi mollitia voluptatem. Sed cupiditate quia iusto omnis omnis et tempore illum aperiam. Consectetur beatae rerum aspernatur deleniti libero dolore vel neque.</p> <p>Perspiciatis minus repellendus ea dolorem at iusto ut. Impedit quae voluptas tempora. Dolor sit doloremque officia commodi nihil dolorum consequatur sint repudiandae. Eligendi labore quidem. Aut molestiae voluptas rerum sapiente.</p>', X'737072696e74', NULL, '6', '3', '2019-05-14 21:07:59', '2019-05-14 21:07:59', NULL, '2', '2', '0', '233', X'636c6f736564', 'API'),
('138', 'LT', 'Natus ullam est culpa commodi officiis labore nostrum ipsa quod.', '<p>Cupiditate harum dolor in aut qui corrupti magnam. Provident nisi maiores nihil sit sint eius maiores. Rerum at eos. Voluptas dolorum itaque ut dolor nihil illum est. Quo nemo voluptatem et optio perferendis qui veniam.</p> <p>Quia sunt earum porro vero laborum voluptatum ut. Aut sunt voluptatem qui molestias. Perferendis dolor quasi voluptas. Ipsam molestias eveniet et qui suscipit unde magni. Temporibus eius assumenda repudiandae dolorem commodi error non architecto. Similique et consequatur quod facere deserunt accusantium alias. Quam praesentium dolores nam non est veritatis.</p>', X'737072696e74', NULL, '6', '3', '2019-05-14 21:07:59', '2019-05-14 21:07:59', NULL, '4', '6', '0', '8', X'636c6f736564', 'UI'),
('139', 'LT', 'Aut ut repellat molestiae quos et accusantium dolor accusamus aut.', '<p>Veritatis eos sit. Amet rerum culpa soluta. Eaque sed maiores facere omnis quia velit occaecati velit aspernatur. Voluptas est fugiat cumque sit. Tempore ipsa minus nostrum voluptates cum ratione repellendus earum ut. Facilis aliquam rerum est libero. Molestiae delectus exercitationem magnam soluta. Praesentium at voluptas quo sint reiciendis non reiciendis ratione.</p> <p>Et sit distinctio repellendus sit similique error fugiat molestiae. Rem mollitia tenetur nihil. Corporis est et impedit quia. Quia fugiat neque. Culpa qui iure quod iusto est illum numquam. Quo autem quia molestiae est hic praesentium. Aut reiciendis non ea temporibus rerum dolor. Molestiae explicabo vitae quaerat.</p>', X'737072696e74', NULL, '6', '3', '2019-05-14 21:07:59', '2019-05-14 21:07:59', NULL, '4', '6', '0', '3', X'636c6f736564', 'UI'),
('140', 'LT', 'Aut expedita labore cum non aut sit id maiores reiciendis.', '<p>Ducimus distinctio laudantium. Numquam quae libero neque delectus deleniti. Numquam architecto eveniet ad assumenda et est exercitationem aspernatur assumenda. Nemo ea nesciunt rem ducimus eaque impedit ea autem. Ab optio quae id qui veniam necessitatibus velit.</p> <p>Aut fugit aut. Beatae nulla non quo quisquam tempore dolor eaque. Facilis praesentium facilis debitis in. Animi necessitatibus non culpa sint nisi. Ipsam suscipit at consequatur voluptas libero nihil. Omnis nemo velit.</p>', X'737072696e74', NULL, '6', '3', '2019-05-14 21:07:59', '2019-05-14 21:07:59', NULL, '4', '1', '0', '1', X'636c6f736564', 'Bug'),
('141', 'LT', 'Possimus laboriosam explicabo qui voluptatem et quibusdam perferendis molestiae nulla.', '<p>Omnis vitae praesentium consequatur magni quo. Animi ullam beatae molestiae ut odit quaerat excepturi nesciunt. Et magni hic aut quia numquam fugiat. Quia deleniti quo sequi est necessitatibus labore iste reprehenderit. Omnis adipisci laudantium rerum cupiditate. Architecto quo illo labore quo.</p> <p>Nulla fugiat molestiae deleniti. Autem sit molestias nesciunt nesciunt laborum. Voluptatum magnam pariatur veritatis placeat ut. Pariatur perspiciatis temporibus beatae ut mollitia. Esse aperiam est praesentium alias quo aspernatur. Distinctio harum quisquam incidunt rerum dolore officiis ratione.</p>', X'737072696e74', NULL, '6', '3', '2019-05-14 21:07:59', '2019-05-14 21:07:59', NULL, '6', '2', '0', '34', X'636c6f736564', 'UI'),
('142', 'LT', 'Corrupti est animi voluptatibus et explicabo placeat doloribus dicta molestiae.', '<p>Eum est eos enim rerum. Sint velit odit. Cupiditate dolores vel placeat odit. Dicta rerum nulla saepe sit. Delectus maiores aut ducimus. Dolores consequatur in ullam consequatur. Sed inventore cupiditate voluptas fugit rem voluptatem est maxime.</p> <p>Consequatur est possimus iure sit est eos. Debitis consequatur autem dolor quae sint voluptatem. Voluptas rerum numquam et odit sit saepe commodi voluptatem. Ea voluptatem suscipit nobis natus voluptatem autem nesciunt. Nostrum nulla ut aspernatur non cupiditate. Architecto mollitia aut repellat dolor totam. Omnis earum molestiae et. Pariatur laboriosam sed et officiis voluptas quam porro.</p>', X'737072696e74', NULL, '6', '3', '2019-05-14 21:07:59', '2019-05-14 21:07:59', NULL, '1', '1', '0', '377', X'636c6f736564', 'UI'),
('143', 'LT', 'Voluptatem eum laborum et qui a quo enim sit optio.', '<p>Eum quasi pariatur illo mollitia tenetur eligendi. Sit soluta porro dolor esse. Aperiam est vel. Pariatur occaecati fugit sint natus est consequatur hic. Explicabo ducimus facilis animi labore perspiciatis quos iste sed. Rerum eaque et est reprehenderit dolores quidem suscipit non. Consequatur eaque enim sunt repellendus.</p> <p>Ipsum dignissimos ipsum ad delectus voluptas quod et qui. Accusamus accusamus quidem a et commodi quibusdam alias sunt qui. Rerum natus reiciendis fugiat sed nihil quis earum recusandae et. Saepe eius sed nisi aperiam. Excepturi ducimus qui deserunt quo sint natus. Beatae dicta blanditiis eligendi dolorem quibusdam et et.</p>', X'737072696e74', NULL, '6', '3', '2019-05-14 21:07:59', '2019-05-14 21:07:59', NULL, '1', '1', '0', '1', X'636c6f736564', 'Feature'),
('144', 'LT', 'Numquam ab quas quam quia error commodi doloremque voluptates esse.', '<p>Unde exercitationem nam suscipit saepe id minima dignissimos dolorem. Deleniti repellendus saepe. Ut corporis voluptatibus quisquam officia voluptas. Maxime delectus nesciunt doloribus rerum accusantium. Illo enim qui necessitatibus neque. Enim architecto nihil doloribus nesciunt provident quas minus quaerat. Dolorem a eius qui doloremque quae. Excepturi et maxime.</p> <p>Ex voluptas qui eius. Exercitationem molestiae veritatis error est at aut molestias atque. Expedita et sit maiores. Praesentium est rem quaerat dolor sit tempora et dicta. Maxime consequuntur dolor magni nam. Omnis officia temporibus eum aut esse quis magni dolores dolor.</p>', X'737072696e74', NULL, '6', '3', '2019-05-14 21:07:59', '2019-05-14 21:07:59', NULL, '4', '4', '0', '144', X'636c6f736564', 'Feature'),
('145', 'LT', 'Voluptates omnis et et qui est quas ratione blanditiis qui.', '<p>Et ut consequatur iste est provident officiis. Minus dignissimos reprehenderit ullam et. Ut non autem labore temporibus illum repellat deleniti. Sequi dolor asperiores repellendus fugiat magni. Ut reprehenderit autem et et. Aut quasi quod sequi praesentium ducimus aut.</p> <p>Atque dolor temporibus corporis officiis. Ullam eum aut consequatur. Placeat consequatur sit harum officia nihil reprehenderit autem architecto. Deleniti fugiat quidem dolor pariatur. Perferendis deserunt quia provident nulla. Molestias facilis quo deserunt et sit qui. Voluptatibus maiores eum adipisci enim modi officia rerum iure.</p>', X'737072696e74', NULL, '6', '3', '2019-05-14 21:07:59', '2019-05-14 21:07:59', NULL, '1', '4', '0', '8', X'636c6f736564', 'Design'),
('146', 'LT', 'Deserunt inventore voluptatem numquam dolorem omnis sequi laborum possimus repellendus.', '<p>Ullam perferendis minus. Et totam inventore excepturi vel. Temporibus esse aliquam temporibus inventore labore. Voluptates reiciendis voluptatum eos eos quae. Dicta dicta sunt in rerum est ut provident sed placeat. Labore odio quaerat excepturi quis.</p> <p>Numquam quidem ipsam atque consequatur sapiente. Beatae ad voluptatem aspernatur sit. Natus ipsum officia sit ut ut placeat est eius. Rem excepturi molestiae qui corrupti at est autem. Qui soluta inventore placeat repellat quasi consequatur iure.</p>', X'737072696e74', NULL, '6', '3', '2019-05-14 21:07:59', '2019-05-14 21:07:59', NULL, '5', '1', '0', '55', X'636c6f736564', 'Bug'),
('147', 'LT', 'Et corrupti laboriosam consequuntur nostrum esse ea et optio non.', '<p>Officiis id sunt odio aut placeat deserunt accusamus nemo explicabo. Sit consequatur dolores voluptatem iste eius. Nemo facere nihil illo doloremque maxime quo non reiciendis. Est animi quia autem tempore quae dolor repellendus sed. Sequi saepe explicabo fuga praesentium dignissimos tempora velit et.</p> <p>Quae sed ipsam voluptatum non veritatis similique sunt ut. Alias consequatur iure facilis animi enim. Culpa enim veniam non. Enim inventore explicabo et autem omnis deserunt quis. Nam nam molestiae. Dolorem perferendis veniam ut molestias soluta eius sit. Aut eius nulla deserunt quaerat.</p>', X'737072696e74', NULL, '6', '3', '2019-05-14 21:07:59', '2019-05-14 21:07:59', NULL, '1', '1', '0', '34', X'636c6f736564', 'UI'),
('148', 'LT', 'Asperiores occaecati aliquid unde labore eos repellat iure ab maiores.', '<p>Explicabo laborum aspernatur porro ea explicabo laudantium. Dolores sed est provident et. Ullam doloribus omnis sit blanditiis sit. Natus qui aut ducimus maiores nemo consequatur et fugiat. Maiores accusamus non aut totam voluptatum officia molestiae. Iste nisi est reprehenderit et soluta non odit qui sed. Id veritatis rerum provident dolorem et totam distinctio iusto. Nisi ipsa placeat amet quas.</p> <p>Quis repudiandae neque. Labore nesciunt voluptas quod et. Illum in aperiam reprehenderit atque quos qui magnam iste. Sed qui est. Praesentium consequatur repudiandae ea id dolore corrupti. Est inventore quos placeat dolorem fugiat quo. Voluptate reprehenderit eum in perspiciatis omnis dolores doloribus aut.</p>', X'737072696e74', NULL, '6', '3', '2019-05-14 21:07:59', '2019-05-14 21:07:59', NULL, '6', '6', '0', '2', X'636c6f736564', 'Design'),
('149', 'LT', 'Quia quibusdam consequatur quae sed itaque perspiciatis officiis ea ea.', '<p>Accusantium et odit odit laborum commodi corporis error eos animi. Reprehenderit harum id ex ratione ut harum. Labore ipsum esse praesentium quidem. Alias facere est praesentium placeat. Adipisci magnam illo nulla cumque quis quisquam totam.</p> <p>Provident similique excepturi quidem alias eveniet. Eveniet et facilis consequuntur nostrum quidem voluptas autem. Facilis error enim deserunt sit. Eum sint voluptatibus neque illo quidem adipisci error vel. Optio ad nihil porro aut et rerum.</p>', X'737072696e74', NULL, '6', '3', '2019-05-14 21:07:59', '2019-05-14 21:07:59', NULL, '4', '5', '0', '8', X'636c6f736564', 'Infrastructure'),
('150', 'LT', 'Est ad incidunt quis est eos ex optio nihil incidunt.', '<p>Sed temporibus itaque velit commodi voluptatem nihil molestias aperiam. Et inventore suscipit. Sed exercitationem iste quos est accusamus. Expedita atque ab. Vel et adipisci esse magni. Blanditiis non eligendi sit minima et aut dolores.</p> <p>Ipsum occaecati soluta architecto et quia et harum nihil sequi. Voluptas suscipit omnis dolore molestiae pariatur quisquam deserunt dolorum in. Aperiam incidunt distinctio inventore tempora consequatur. Hic voluptatem quo veniam quasi explicabo. Porro voluptas et aut iste voluptatem assumenda. Et delectus eligendi voluptate libero id ut. Consequatur perspiciatis adipisci facilis error.</p>', X'737072696e74', NULL, '6', '3', '2019-05-14 21:07:59', '2019-05-14 21:07:59', NULL, '4', '5', '0', '89', X'636c6f736564', 'Infrastructure'),
('151', 'LT', 'Voluptatem sunt enim et reprehenderit id consequatur magnam commodi sint.', '<p>Voluptatem accusantium iure voluptas natus labore. Qui exercitationem eligendi dolorem dolorum deleniti et qui. Quisquam quidem necessitatibus quisquam accusantium et. Voluptatem ad quasi. Magni praesentium est minus. Necessitatibus eum aut nam nostrum aliquid omnis. Impedit expedita cum fuga sed dolorum. Voluptates asperiores sit.</p> <p>Maiores nam et eum est excepturi est libero eum repellendus. Possimus exercitationem dolores ea voluptatem laborum odio quam. Voluptates eum et. Itaque repellendus quis eaque necessitatibus mollitia consequatur ea. Et harum tempora sunt quia et. Voluptate ipsa doloribus praesentium quo dolorem commodi quam excepturi quia.</p>', X'737072696e74', NULL, '6', '3', '2019-05-14 21:07:59', '2019-05-14 21:07:59', NULL, '2', '1', '0', '89', X'636c6f736564', 'Design'),
('152', 'LT', 'In aut omnis autem non minus eum labore voluptate expedita.', '<p>Ipsam in est voluptates fuga. Molestias repellat et reiciendis aut est qui commodi dolorem quos. Dolores asperiores debitis ratione qui et. Sed perferendis quia amet omnis. Perferendis quo temporibus sequi.</p> <p>Ut temporibus corrupti eveniet est consequatur expedita nam laudantium dolorum. Dolores culpa facere et. Nihil molestiae saepe. Porro eligendi maxime ducimus sit. Consequuntur et quas eius. Voluptate ab qui.</p>', X'737072696e74', NULL, '6', '3', '2019-05-14 21:07:59', '2019-05-14 21:07:59', NULL, '2', '1', '0', '89', X'636c6f736564', 'UI'),
('153', 'LT', 'At nam aut nihil consectetur ut quisquam ipsa soluta qui.', '<p>Aut officiis et atque optio autem. Sed enim quis est assumenda quia voluptatem qui blanditiis commodi. Et aliquid veritatis eius qui aut cum beatae neque. Velit neque commodi. Ratione et consequatur tenetur modi sit rem ab doloremque qui.</p> <p>Ab quia minima nihil placeat et consequuntur optio culpa velit. Voluptas vel nemo ad sed. Aut autem excepturi necessitatibus eum iste veritatis praesentium pariatur. Numquam qui non necessitatibus. Sint quo unde ipsum atque iste error et. Enim unde assumenda praesentium cupiditate eos voluptatem nesciunt et fugiat. Placeat distinctio assumenda dolorem eum.</p>', X'737072696e74', NULL, '6', '3', '2019-05-14 21:07:59', '2019-05-14 21:07:59', NULL, '4', '5', '0', '8', X'636c6f736564', 'UI'),
('154', 'LT', 'Dolores beatae magnam eum nihil dolor harum sed numquam odit.', '<p>Velit maiores ratione. Qui sit non corporis. Laborum reprehenderit et id facilis incidunt alias. Adipisci eligendi et provident et repudiandae enim quaerat. Cum laborum reiciendis. Eius eum dolores dolore non.</p> <p>Eos aut sunt. Dolor esse reiciendis. In dolorem nemo inventore ut quasi et. Nihil delectus voluptatem ullam possimus amet repudiandae doloribus repudiandae. Sint quasi nihil tenetur dolorem alias reprehenderit et.</p>', X'737072696e74', NULL, '6', '3', '2019-05-14 21:07:59', '2019-05-14 21:07:59', NULL, '2', '1', '0', '3', X'636c6f736564', 'API'),
('155', 'LT', 'Nemo aut in tempora repellendus excepturi omnis qui aliquid accusamus.', '<p>Voluptates expedita enim illum. Delectus omnis quis corporis autem natus. Hic quos placeat omnis. Perferendis veniam suscipit numquam incidunt quia alias sapiente et. Maxime quo iusto sit quas. Provident enim sed sint tenetur ut assumenda consequatur. Corrupti eaque provident.</p> <p>Et sapiente ducimus consequatur deleniti dolore sit. Aut neque ipsa aut ullam delectus quod accusantium praesentium quas. Id itaque est omnis. Ratione quia in. Magnam omnis perspiciatis placeat eius voluptas officiis facere distinctio quasi. Odit earum asperiores totam assumenda doloribus.</p>', X'737072696e74', NULL, '6', '3', '2019-05-14 21:07:59', '2019-05-14 21:07:59', NULL, '2', '5', '0', '1', X'636c6f736564', 'UI'),
('156', 'LT', 'Accusamus officiis nemo natus distinctio ut illum dolores officiis rem.', '<p>Porro aut laborum esse exercitationem eum qui ab. Rem et rerum officia qui. Qui molestias fugiat harum consectetur unde. Possimus accusantium saepe nemo repellendus. Facilis quibusdam dolores est minima corrupti totam eligendi ducimus est.</p> <p>Sit exercitationem occaecati provident nulla beatae qui omnis. Quod voluptatem est repellat nostrum ipsum et harum facilis. Corporis odio corporis architecto. Excepturi accusamus est quos pariatur. Quia consequatur atque corrupti. Rerum laudantium similique ad eos et ipsam dolorum harum. Et iste ipsa et quasi unde.</p>', X'737072696e74', NULL, '6', '3', '2019-05-14 21:07:59', '2019-05-14 21:07:59', NULL, '6', '5', '0', '8', X'636c6f736564', 'Design'),
('157', 'LT', 'Quibusdam et repudiandae laboriosam quibusdam earum ea praesentium qui quas.', '<p>Aut odit natus. Est quisquam excepturi ea accusamus molestiae dolores. Fugiat voluptate consequuntur magni dolores eum. Quia iste ut non voluptas omnis. Itaque voluptas doloribus soluta animi voluptatum minima rem. Aliquam natus quasi quaerat quia quisquam ex dicta. Aliquid facilis eos. Dicta veniam facilis quo laboriosam suscipit dolorem doloremque at.</p> <p>Ratione pariatur voluptatibus molestias nam et ullam autem nesciunt. Voluptas est fugit voluptas. Placeat laboriosam eum incidunt quia ratione error odio occaecati ullam. Ducimus fugiat magnam magnam soluta dolores recusandae ut doloribus. Vero vel illo saepe ipsam aperiam eos reprehenderit quod praesentium. Ducimus commodi id non aut velit tempora omnis consequatur sit.</p>', X'737072696e74', NULL, '6', '3', '2019-05-14 21:07:59', '2019-05-14 21:07:59', NULL, '2', '4', '0', '1', X'636c6f736564', 'Bug'),
('158', 'LT', 'Vitae voluptas labore possimus iste quae illo odit laborum est.', '<p>Consequatur est est sunt expedita quo a nesciunt et dicta. Voluptate debitis ab dolorem ipsa. Repudiandae ipsa nemo omnis aut consequuntur atque magnam nulla. Est est vel est optio. Nihil repellendus eum. Sit unde vero similique omnis corporis error consequatur aut. Illo atque autem quae veniam facere itaque eius omnis totam. Est vero similique qui minus qui sit est omnis exercitationem.</p> <p>Eligendi non velit omnis fuga sint sit qui officia. Debitis nihil sint laboriosam inventore vitae cum et alias velit. Officia delectus unde. Rerum dicta harum voluptatum maxime at dolore. Eum tenetur consequatur. Deserunt dolor quasi. Et perspiciatis ut neque vitae sequi sint. Laboriosam repellat vitae ducimus et.</p>', X'737072696e74', NULL, '6', '3', '2019-05-14 21:07:59', '2019-05-14 21:07:59', NULL, '4', '5', '0', '5', X'636c6f736564', 'Infrastructure'),
('159', 'LT', 'Ex quos perferendis error molestias numquam sit eum et aspernatur.', '<p>Ratione quam fuga non laudantium. Perferendis rem voluptatem odit vel et quod dolor culpa molestias. Earum enim ea a repellendus. Odit rerum ut maiores hic quis a quo voluptatum laboriosam. Voluptatem debitis eveniet dolor illo provident accusantium corrupti. Dignissimos cum eligendi consequatur doloremque explicabo deleniti. Deleniti dolor quibusdam.</p> <p>Et non rerum. Et error deleniti. Alias magni ut consequatur enim ea repellat mollitia expedita. Ratione enim repellat in ex ipsam ab quibusdam. Voluptatibus natus dolor quo unde laudantium.</p>', X'737072696e74', NULL, '6', '3', '2019-05-14 21:07:59', '2019-05-14 21:07:59', NULL, '2', '5', '0', '1', X'636c6f736564', 'Design'),
('160', 'LT', 'Sunt molestias nihil quas qui dolor ullam atque vel et.', '<p>Alias alias at accusamus sit aut voluptates et dolores. Dolore et dolor rerum quasi doloribus. Numquam neque quaerat. Cupiditate sed placeat porro repellendus corrupti iste. Voluptas reprehenderit rem consequatur est consectetur. Illum omnis ducimus. Ut sit at ratione et dolor illum blanditiis.</p> <p>Facilis sit est inventore occaecati aut ab earum sunt dignissimos. Sit sed officiis qui sapiente consequatur expedita. Ipsam autem sit et aliquid illum animi qui. Dolor id animi inventore maxime sunt possimus quis. Consequatur aut inventore rerum nesciunt.</p>', X'737072696e74', NULL, '6', '3', '2019-05-14 21:07:59', '2019-05-14 21:07:59', NULL, '6', '2', '0', '5', X'636c6f736564', 'Bug'),
('161', 'LT', 'Facere ad laboriosam eos quidem est veritatis laudantium molestiae iste.', '<p>Voluptatem sed repudiandae. Sit nulla dicta. Eum sapiente sint. Facere nulla qui eaque qui minus praesentium temporibus quaerat facilis. Omnis cum consequatur. Dolorem id aut voluptatem vitae beatae nulla ducimus.</p> <p>Aut nesciunt velit sit omnis dignissimos similique. Qui sint velit veritatis necessitatibus beatae placeat officia inventore modi. Mollitia distinctio quae exercitationem saepe aut saepe qui enim maiores. Sit aut qui quod deserunt et adipisci est. Deleniti omnis occaecati aut numquam nisi perspiciatis impedit a.</p>', X'737072696e74', NULL, '6', '3', '2019-05-14 21:07:59', '2019-05-14 21:07:59', NULL, '1', '2', '0', '377', X'636c6f736564', 'API'),
('162', 'LT', 'Qui nesciunt eveniet provident autem voluptas possimus eveniet et rerum.', '<p>Iste natus rerum totam animi tenetur quo dolores qui. Exercitationem deleniti facilis at est ipsum nihil quia non. Delectus architecto nam vel quas iure doloribus rerum exercitationem. Non optio ipsam perferendis facilis incidunt autem debitis. Suscipit quos non qui soluta nihil aut officia. Saepe dolore sed sint et ratione id. Aut fugit maiores occaecati in libero.</p> <p>Impedit quidem tempora animi cupiditate quibusdam. Eaque eum et accusamus vitae pariatur. Dolores non iure sit nihil voluptate. Et officiis veritatis sit consequatur minus dicta fuga tempore. Necessitatibus nulla eos quia sit rerum. Non nam iusto sapiente accusantium dolorem sit ullam cum alias.</p>', X'737072696e74', NULL, '6', '3', '2019-05-14 21:07:59', '2019-05-14 21:07:59', NULL, '6', '6', '0', '3', X'636c6f736564', 'Infrastructure'),
('163', 'LT', 'Necessitatibus autem rem reiciendis excepturi ea non mollitia voluptatem adipisci.', '<p>Sit quis dolorem totam ut. Quia neque sit harum beatae delectus dolores maiores veniam sunt. Quia quod rerum nihil voluptas cupiditate nulla. Et culpa dolores. Explicabo asperiores consequuntur quia delectus ut.</p> <p>Ex adipisci rerum facilis quia vel. Voluptatibus est nam facilis et blanditiis veniam harum fugit dolor. Tempore non recusandae consequatur officiis neque aliquid voluptatem. Nihil quo in dolor eligendi rem quasi. Sunt dolorem ratione. Reprehenderit accusantium aut. Qui modi similique cumque dolorem ut consequatur quasi reiciendis voluptatem.</p>', X'737072696e74', NULL, '6', '3', '2019-05-14 21:07:59', '2019-05-14 21:07:59', NULL, '4', '6', '0', '377', X'636c6f736564', 'Feature'),
('164', 'LT', 'Aut et expedita vero deserunt sunt nostrum suscipit qui deserunt.', '<p>Error omnis pariatur atque asperiores voluptas sunt. Fuga est molestias rem. Doloremque cum exercitationem vitae nesciunt esse assumenda. Iusto quis nihil quisquam aliquid sed placeat minima. Iusto mollitia rerum labore aut veniam quam deleniti aperiam occaecati.</p> <p>Qui accusantium aut et cum sed est sapiente. Enim autem aliquid eaque praesentium. Laborum aut sapiente fugiat et. Et ut sed qui maiores a eveniet et quisquam. Perspiciatis et cumque.</p>', X'737072696e74', NULL, '6', '3', '2019-05-14 21:07:59', '2019-05-14 21:07:59', NULL, '6', '1', '0', '3', X'636c6f736564', 'Design'),
('165', 'LT', 'Maiores autem voluptate ut dolor qui quam sit labore iure.', '<p>Suscipit voluptas rerum optio. Ullam minima ut minus omnis aut omnis ut. Sunt unde eum consequuntur ipsa qui. Praesentium qui eius doloribus. Quod aut necessitatibus cumque beatae delectus explicabo ipsam. Optio sequi dicta similique similique omnis eos rerum debitis voluptate.</p> <p>Deserunt rerum ut saepe necessitatibus. Et voluptatem explicabo mollitia possimus molestiae. Et quam ea cum amet vero consequatur. Esse deleniti maxime. Aut necessitatibus fugit error omnis.</p>', X'737072696e74', NULL, '6', '3', '2019-05-14 21:07:59', '2019-05-14 21:07:59', NULL, '5', '1', '0', '8', X'636c6f736564', 'API'),
('166', 'LT', 'Quia labore labore rerum nobis aspernatur id et rerum enim.', '<p>Sit omnis dolor ut cumque optio. Dolore omnis facilis recusandae aut veritatis ut rerum numquam dolorem. Neque repudiandae repudiandae officia et temporibus. Est est animi. Voluptates et est accusamus. Aut fuga blanditiis. Velit consequuntur omnis ad soluta ut nam. Eos aliquam enim.</p> <p>Voluptatem eaque nihil aut omnis autem. Consequatur necessitatibus aperiam dignissimos repudiandae doloribus. Autem rerum accusantium quaerat quo earum provident qui tempora fugit. Accusantium vitae assumenda eveniet nostrum. Repellat qui rerum sit. Qui a odit omnis eos velit est id reprehenderit asperiores.</p>', X'737072696e74', NULL, '6', '3', '2019-05-14 21:07:59', '2019-05-14 21:07:59', NULL, '2', '5', '0', '5', X'636c6f736564', 'Bug'),
('167', 'LT', 'Aut fugiat quo numquam quis repellendus cum quod doloribus sequi.', '<p>Sapiente aut eos recusandae quia iste rem voluptate blanditiis. Repudiandae consequuntur voluptas ipsam cum voluptatum quia architecto explicabo. A illo ut beatae laboriosam cupiditate quia consequuntur. Nam quasi cupiditate. Vel omnis dolores. Vel autem ratione est voluptate placeat quidem et. Voluptas cumque ut quisquam explicabo. Nisi aut eos ea necessitatibus veritatis.</p> <p>Maiores et ratione amet. Animi facilis non dolor. Vel quis deserunt aut nihil necessitatibus est. Qui consequuntur excepturi voluptate et necessitatibus mollitia distinctio. Voluptatem doloremque voluptatum. Non vitae a libero neque sit molestias autem nam error.</p>', X'737072696e74', '88', '11', '4', '0000-00-00 00:00:00', '2019-05-15 08:00:27', NULL, '1', '2', '2', '3', X'696e2d70726f6772657373', 'Design'),
('168', 'LT', 'Quibusdam sed voluptatem minima voluptas similique quae quo commodi et.', '<p>Fuga sed reprehenderit nisi tenetur facere quasi. Ipsam ab non voluptas quae. Asperiores nesciunt ut consequatur ut assumenda. Similique maxime id. Tempora numquam ad nihil. Nulla nihil omnis quia vel est atque. Quasi velit molestiae voluptatem sed nulla enim quam et laudantium.</p> <p>Repudiandae quaerat repellat tempora. Aut ut velit sit ut explicabo ut corporis ut. Nemo dolorum necessitatibus. Sed rerum sapiente ab officiis sit. Voluptates nulla quia odit est cumque quidem. Nemo ut reprehenderit fuga quia ut quo id ad consectetur.</p>', X'737072696e74', '167', '13', '4', '0000-00-00 00:00:00', '2019-05-15 08:00:23', NULL, '1', '4', '2', '2', X'636c6f736564', 'Design'),
('169', 'LT', 'Numquam maxime consectetur consequatur aperiam voluptas ut enim beatae cumque.', '<p>Est nesciunt est distinctio praesentium dolor laborum minus odit rerum. Ipsa et molestiae ducimus rem tempore vel voluptatum. Quae enim aut tenetur facere consectetur. Temporibus dolorem eaque corrupti occaecati eos vitae et voluptate. Quo omnis eum corrupti est repellendus omnis. Voluptatum tempora sunt.</p> <p>Est illum doloribus fugit. Atque optio aliquam sit placeat rem molestiae dicta ut nobis. Quos repellendus doloribus. Ut aperiam maiores eos et minima atque quasi rerum neque. Voluptatem rem reiciendis temporibus debitis assumenda. Est natus corrupti sint ipsa voluptas sapiente quibusdam eaque nam.</p>', X'737072696e74', '168', '13', '4', '0000-00-00 00:00:00', '2019-05-15 08:00:26', NULL, '1', '5', '4', '13', X'636c6f736564', 'Feature'),
('170', 'LT', 'Quidem a voluptatem vel a ut numquam libero soluta et.', '<p>Ex quia dolore distinctio odit occaecati architecto voluptatibus ut rerum. Cupiditate atque facilis id minus. Ipsam labore fugiat quia deserunt ad mollitia sunt ut mollitia. Libero perferendis in. In consequatur laborum delectus et. Sequi porro ducimus est porro corporis quia impedit amet. Iste nesciunt sit saepe.</p> <p>Sint necessitatibus et assumenda qui totam. Et perferendis nulla porro adipisci culpa dolorem assumenda. Dicta commodi et tempore occaecati provident sapiente. Nulla quia provident temporibus sunt nihil. Facilis incidunt dicta vitae quam id qui maxime nemo occaecati.</p>', X'737072696e74', '169', '13', '4', '0000-00-00 00:00:00', '2019-05-15 08:00:26', NULL, '5', '5', '3', '5', X'636c6f736564', 'Design'),
('171', 'LT', 'Corporis et modi consequuntur est aut accusantium consequatur consequuntur laudantium.', '<p>Voluptas adipisci reprehenderit est laboriosam sequi tenetur voluptates officia. Error corrupti quia rerum et reiciendis non unde. Nisi accusamus voluptatem esse possimus a quod. Cumque exercitationem et id magni ut est aut magnam ea. Facilis et quidem vel placeat. Sed ad perferendis. Cumque est aliquid saepe. Non doloribus et eaque est.</p> <p>Et occaecati nobis cum sunt inventore. Ipsam voluptas quis ab ut quo voluptas soluta. Nemo quidem nobis atque sed quibusdam dolores fugit non corrupti. Enim molestias in dolor aut. Qui dolorem natus temporibus similique. Nihil expedita quia deleniti quia libero harum et odit cum. Aperiam quidem amet voluptatem.</p>', X'737072696e74', '170', '12', '4', '0000-00-00 00:00:00', '2019-05-15 08:00:30', NULL, '5', '5', '0', '3', X'696e2d70726f6772657373', 'Design'),
('172', 'LT', 'Molestiae tempore temporibus expedita magni quasi explicabo velit enim ea.', '<p>Suscipit cumque est illo ratione. Animi explicabo culpa quo. Temporibus molestiae doloremque odio aspernatur. Delectus laborum fuga error ex quibusdam sed. Ut delectus similique sunt dolor qui delectus et sit dignissimos. Est dolorum omnis aperiam. Velit libero voluptas earum molestiae quos molestiae non rerum non. Qui non molestias sapiente rem et quidem quod vero molestiae.</p> <p>Asperiores voluptate dolore quis nisi quas explicabo quasi. Ratione et aliquid occaecati aperiam eos aliquam. Sunt minima et corporis eum hic praesentium impedit beatae vero. Et similique omnis non dolorum sapiente deleniti aliquid repellendus. Labore voluptas tenetur sint molestias assumenda nostrum dolores consequuntur incidunt.</p>', X'737072696e74', '171', '13', '4', '0000-00-00 00:00:00', '2019-05-15 08:00:21', NULL, '6', '2', '1', '377', X'636c6f736564', 'Design'),
('173', 'LT', 'Natus ducimus est ullam id omnis et laudantium voluptatem similique.', '<p>Et ut unde dolorem unde quia soluta est quia. Deserunt atque incidunt sint. Voluptatem vel sint. Excepturi numquam ratione aperiam ipsa ut dolor. Ut rerum ad. Quisquam ut pariatur.</p> <p>Ut praesentium et eius incidunt explicabo culpa delectus rerum. Et incidunt molestiae numquam. Consectetur neque sapiente. Dolor esse et dolorem debitis enim voluptas non. Corrupti commodi dicta asperiores. Minima doloremque eum ad et quas est.</p>', X'737072696e74', '172', '13', '4', '0000-00-00 00:00:00', '2019-05-15 08:00:13', NULL, '1', '5', '0', '2', X'636c6f736564', 'API'),
('174', 'LT', 'Sint minus sit voluptatem tenetur aut in voluptatem sapiente ipsam.', '<p>Ut est voluptas impedit sit labore repellendus voluptatem sint. Velit laborum quo. Voluptatem placeat eos perferendis accusamus qui. Unde aut omnis. Sit cum quas eligendi facilis fugit.</p> <p>Laborum corrupti in deleniti amet. Culpa consequatur atque sed voluptatibus. Eius sit neque aut earum occaecati reprehenderit assumenda cum. Nostrum qui incidunt ad accusantium non nam. Et aut sequi asperiores quis dolorem et rerum. Debitis omnis hic amet dolore deleniti. Qui velit qui fugiat ut quis est dolore velit.</p>', X'70656e64696e67', NULL, '6', NULL, '2019-05-14 21:07:59', '2019-05-14 21:07:59', NULL, '6', '4', '0', '3', X'636c6f736564', 'Bug'),
('175', 'LT', 'Autem sit quia occaecati consequatur tempore libero et sequi quidem.', '<p>Non sed exercitationem et sed labore adipisci voluptate eligendi. Sed nemo quia et aut dolorem praesentium. Sunt excepturi ut minima quia aliquam quod enim. Distinctio omnis aut aperiam quos molestiae recusandae magnam. Autem voluptatum commodi quo culpa consequatur quo perferendis.</p> <p>Doloribus sit ad alias ad ut. Itaque harum est. Ut porro itaque dolores reiciendis ea possimus. At nihil natus voluptas asperiores qui ut in. Itaque et adipisci voluptatem qui. Quis consequatur voluptatum quo sit ratione et maiores nostrum. Sunt laborum porro harum vitae. Ducimus autem non in quas.</p>', X'70656e64696e67', NULL, '6', NULL, '2019-05-14 21:07:59', '2019-05-14 21:07:59', NULL, '6', '5', '0', '3', X'636c6f736564', 'API'),
('176', 'LT', 'Autem maiores possimus et est quis omnis architecto ad libero.', '<p>Et quas aliquam nemo perspiciatis. Dolor pariatur soluta. Doloremque atque et non aperiam magni consequuntur ratione. Sed dignissimos voluptatibus nam ducimus tempora fuga animi. Reiciendis expedita explicabo adipisci voluptas consectetur corrupti doloremque. Aliquid iusto veniam quibusdam mollitia dolores. Quam consectetur illo quis qui.</p> <p>Dolorum rem laudantium et laboriosam saepe suscipit. Aut eligendi quis. Facilis omnis sed. Eos tempora eos. Porro dolore omnis et architecto quia voluptatum. Perferendis dolorum omnis earum id.</p>', X'70656e64696e67', NULL, '6', NULL, '2019-05-14 21:07:59', '2019-05-14 21:07:59', NULL, '4', '2', '0', '34', X'636c6f736564', 'Infrastructure'),
('177', 'LT', 'Quam at magni velit pariatur id voluptas accusantium ut quia.', '<p>Nihil sapiente distinctio delectus nostrum in sint. Non corrupti incidunt incidunt delectus illo. Cumque consequuntur in sint cum qui omnis explicabo dolor. Ad quia assumenda placeat nostrum dolor ea. Adipisci sed minima tenetur culpa praesentium.</p> <p>Vitae temporibus voluptas pariatur ab impedit dignissimos necessitatibus qui soluta. Non maxime explicabo. Qui itaque harum deserunt libero tempora autem officiis deserunt est. Optio voluptatem velit perferendis nesciunt fugit libero doloremque eligendi. Incidunt praesentium quam est error.</p>', X'70656e64696e67', NULL, '6', NULL, '2019-05-14 21:07:59', '2019-05-14 21:07:59', NULL, '1', '1', '0', '1', X'636c6f736564', 'Bug'),
('178', 'LT', 'Commodi veniam maiores necessitatibus aut cupiditate maiores autem officiis voluptas.', '<p>Vel et et sint voluptatibus sunt sit. Quia eveniet et possimus aut iure est asperiores. Omnis voluptas quibusdam reiciendis. Quisquam molestiae itaque odio qui dolore. Dolorem laboriosam eos voluptas eos quam et quia sint ut. Aspernatur enim voluptates nesciunt recusandae nihil aut. Ea provident non et alias. Laborum rerum dolorum qui.</p> <p>Amet rerum est commodi. Voluptates laborum quis ad tempore voluptatem. Eum debitis autem error tempora et asperiores commodi unde. Consequuntur excepturi fugiat et dolorem non dolorem voluptatum rerum dolore. Dolorum repudiandae voluptate iste.</p>', X'70656e64696e67', NULL, '6', NULL, '2019-05-14 21:07:59', '2019-05-14 21:07:59', NULL, '4', '5', '0', '2', X'636c6f736564', 'API'),
('179', 'LT', 'Alias delectus neque asperiores sint quia quis quibusdam sed minima.', '<p>Numquam rem aut qui. Minima unde et et quod. Iste ea officiis nesciunt facere cum. Doloremque laborum sapiente. Ullam expedita error enim quis ut aut qui.</p> <p>Modi perspiciatis eius tempora distinctio et sed numquam assumenda similique. Eligendi voluptate est id quibusdam nisi autem. Vel eligendi error. Iste vero laboriosam laborum voluptatem perspiciatis repudiandae. Pariatur quis commodi rerum est quia assumenda corrupti vel ullam. Eaque nulla ea est laboriosam asperiores ut ducimus ut inventore. Molestiae quos temporibus est illo optio occaecati provident.</p>', X'70656e64696e67', NULL, '6', NULL, '2019-05-14 21:07:59', '2019-05-14 21:07:59', NULL, '5', '5', '0', '8', X'636c6f736564', 'Design'),
('180', 'LT', 'Et et quis distinctio architecto a ut doloribus rerum repudiandae.', '<p>Explicabo non et tempore similique atque et. Quos sint modi quia id voluptate tempora harum. Laboriosam voluptatem ipsa voluptas ab ut dolorem est beatae. Ipsam sed assumenda porro aliquam eaque at adipisci. Quae sit quia quas numquam soluta est doloribus aliquam veniam. Quaerat est culpa aperiam quibusdam quod iusto. Cupiditate velit vero soluta reiciendis quis temporibus quis aspernatur aperiam. Neque est praesentium omnis voluptas.</p> <p>Cumque laborum quas molestiae nulla. Quam velit non doloremque quia sequi maxime corporis qui totam. Rerum similique qui rerum cum impedit cum ipsa dignissimos. Impedit dolorum ab quo sed ipsum consequatur officiis. Consectetur et sint id saepe illo. Assumenda et aut et ullam accusamus sit id. Consectetur aut enim eos magnam.</p>', X'70656e64696e67', NULL, '6', NULL, '2019-05-14 21:07:59', '2019-05-14 21:07:59', NULL, '2', '4', '0', '55', X'636c6f736564', 'Feature'),
('181', 'LT', 'Velit qui veritatis consectetur excepturi aperiam nulla quisquam itaque voluptatem.', '<p>Ab corrupti reiciendis dolore rerum aut. Laboriosam debitis minus. Et itaque qui sequi tenetur et pariatur natus. Est velit eligendi ut optio laborum placeat. Inventore dolore aut.</p> <p>Consectetur vel cum. Dolorem voluptas quia facilis et mollitia atque voluptatum ullam. Alias optio at consequatur sint dolor sunt facilis et culpa. Ratione sed voluptatum odit architecto natus magni. Et culpa molestiae consequatur tempore accusamus ut excepturi nihil doloremque.</p>', X'70656e64696e67', NULL, '6', NULL, '2019-05-14 21:07:59', '2019-05-14 21:07:59', NULL, '2', '2', '0', '1', X'636c6f736564', 'Feature'),
('182', 'LT', 'Quisquam soluta aut et et et nihil omnis quae molestias.', '<p>Explicabo unde cupiditate sapiente adipisci repellat qui et eligendi et. Quo autem accusamus distinctio exercitationem est praesentium sit impedit in. Totam soluta consequatur non. Quia ratione sit dolores. Qui voluptatem minima architecto aut ea rerum officia distinctio. Modi eos qui.</p> <p>In atque sunt quos eum nam tempora est consequuntur. Aliquid culpa nam quas quia omnis in. Laudantium quae non et repellat laboriosam. Quia unde quis illo est. Culpa accusamus quasi est numquam qui eveniet fugiat qui assumenda. Dolor ut rem dolorem.</p>', X'70656e64696e67', NULL, '6', NULL, '2019-05-14 21:07:59', '2019-05-14 21:07:59', NULL, '6', '2', '0', '8', X'636c6f736564', 'Feature'),
('183', 'LT', 'Atque nobis harum aut perferendis voluptate a voluptatibus maiores molestias.', '<p>A aut mollitia. Qui molestiae sed sed nam. Vitae laboriosam repudiandae vel est aliquam iure consequatur. Ut exercitationem nihil in accusantium. Maiores cumque aperiam. Quibusdam vero reiciendis tempore quos corrupti harum maxime repellendus eum.</p> <p>In ut autem voluptatem. Ad culpa nobis velit sit odit beatae vel provident odit. Illum odio facere quia doloremque hic distinctio tempora inventore. Facilis voluptatem et vel nisi similique est. Accusantium quidem dolore mollitia aut voluptatum voluptas ullam ab. Deserunt ullam expedita enim.</p>', X'70656e64696e67', NULL, '6', NULL, '2019-05-14 21:07:59', '2019-05-14 21:07:59', NULL, '2', '6', '0', '13', X'636c6f736564', 'Infrastructure'),
('184', 'LT', 'Sit sint distinctio atque molestias aperiam iusto adipisci quos et.', '<p>Et aut voluptas est. Odio ducimus minus ea incidunt deserunt laboriosam reprehenderit beatae modi. Provident qui voluptatem. Dolorem dolorem necessitatibus eos autem consequuntur. Temporibus nobis qui veritatis quis ut. Et molestiae voluptatum sint. Asperiores et quo. Aut quis rerum commodi.</p> <p>Consequuntur cum qui ut impedit in culpa nemo dignissimos velit. Perferendis aut unde at repellat et quia atque amet dolores. Nobis aut laudantium id reprehenderit aut voluptas. Culpa atque rerum exercitationem praesentium est exercitationem aut ipsum et. Est maiores quae incidunt fugiat facilis minus in. In inventore ut commodi aut ut accusamus dolorem vel distinctio.</p>', X'70656e64696e67', NULL, '6', NULL, '2019-05-14 21:07:59', '2019-05-14 21:07:59', NULL, '6', '6', '0', '8', X'636c6f736564', 'Bug'),
('185', 'LT', 'Id dolorem aliquid qui saepe dolores voluptas optio autem quas.', '<p>Earum nemo soluta vel. Iste dolores magnam. Quia et rerum veniam. Sunt officiis sit incidunt quos quia. Quisquam pariatur odit. Ipsa et et quia sint et. Ut exercitationem culpa molestias aut vel sint quas voluptatem dolor. Perferendis molestiae perspiciatis perferendis et repellendus aut.</p> <p>Blanditiis ea hic voluptas ducimus maiores et itaque aut. Voluptas et debitis ut impedit sed consectetur. Dolor animi harum ea. Quas ratione eos iure velit quo totam ut voluptas sunt. Dolores tempore ipsum assumenda odit ut.</p>', X'70656e64696e67', NULL, '6', NULL, '2019-05-14 21:07:59', '2019-05-14 21:07:59', NULL, '1', '5', '0', '3', X'636c6f736564', 'Bug'),
('186', 'LT', 'Dolorem repellendus quis sequi aliquam reiciendis est enim quaerat ex.', '<p>At quibusdam id sit eveniet velit eius laudantium. Deserunt quisquam dolore consequatur aut ratione vero. Sit molestiae est aut aut deserunt cupiditate rerum. A quasi sunt enim harum est eos ipsam. Explicabo est debitis nemo cum nihil est non dolorum. Ipsum tempore rerum. Nam eaque culpa illo est. Similique consequatur vel nisi et pariatur alias voluptatum.</p> <p>Laboriosam odit dolores qui. Iusto est tempora sint ut aut non dolor. Vitae est debitis magni molestias et dolores necessitatibus. Laborum harum recusandae aut aut perspiciatis accusamus libero aspernatur explicabo. Enim soluta aut tenetur fugiat consectetur ea provident.</p>', X'70656e64696e67', NULL, '6', NULL, '2019-05-14 21:07:59', '2019-05-14 21:07:59', NULL, '5', '6', '0', '2', X'636c6f736564', 'Bug'),
('187', 'LT', 'Provident quidem consequuntur sapiente voluptatem neque ex quo sed odit.', '<p>Ut necessitatibus voluptates. Corporis eum sit fugit iure minima. Impedit sint harum enim nostrum voluptatibus et. Corporis soluta unde non aut vel cumque et eveniet. Omnis eum rerum ipsum aspernatur doloribus reiciendis at eum. Id aut enim voluptatem voluptates quam placeat minima quaerat. Unde eaque ipsa tempora. Sunt consequatur quasi excepturi iusto.</p> <p>Cumque et occaecati et dolores quis ex nobis ea. Omnis a magni repellendus omnis fugit. In aspernatur excepturi nemo magni. Vero autem consequuntur distinctio. Deleniti cum vel consequatur ducimus porro. Vel non et quia doloremque sint vitae laboriosam ipsum. Nihil nam quae animi non non corrupti minima. Aut quia omnis et soluta quo.</p>', X'70656e64696e67', NULL, '6', NULL, '2019-05-14 21:07:59', '2019-05-14 21:07:59', NULL, '2', '2', '0', '3', X'636c6f736564', 'UI'),
('188', 'LT', 'Minima enim harum ut sed quia enim repudiandae suscipit consequatur.', '<p>Ea voluptatem aspernatur veritatis voluptas a voluptas et placeat dolores. Earum maxime dicta voluptatum earum. Placeat quia similique qui rerum itaque rerum molestiae voluptas et. Nesciunt ducimus eum consequatur provident praesentium consequuntur atque veniam. Fuga alias minus qui. Quia incidunt consectetur corrupti in tenetur ipsa voluptatem dolorem totam.</p> <p>Nihil et sequi. Voluptas unde aspernatur non non sit. Cum cum quod asperiores ducimus distinctio vitae iusto sint. Dicta odit voluptatem rerum qui facere fugit. Distinctio unde eos neque illum.</p>', X'70656e64696e67', NULL, '6', NULL, '2019-05-14 21:07:59', '2019-05-14 21:07:59', NULL, '2', '5', '0', '1', X'636c6f736564', 'UI'),
('189', 'LT', 'Similique et vitae fuga ut cumque perspiciatis tenetur perferendis molestiae.', '<p>Ipsum modi porro laudantium nisi. Eos iste odit. Dolorem tenetur odit exercitationem autem. Quam a doloribus. Consequuntur ut quidem corrupti consequatur explicabo aut. Vel cupiditate molestiae corrupti quae tempore facere dicta.</p> <p>Veniam dicta at autem sunt molestias. Magni illum eum nihil et soluta. Quidem voluptatum quibusdam voluptas eos doloremque autem aut suscipit. Aut quia facere quae quia dolores corrupti deserunt deserunt. Maxime corporis qui repellendus sit nulla sint tempore.</p>', X'70656e64696e67', NULL, '6', NULL, '2019-05-14 21:07:59', '2019-05-14 21:07:59', NULL, '1', '5', '0', '377', X'636c6f736564', 'API'),
('190', 'LT', 'Omnis officiis labore debitis sint corrupti in itaque quaerat laudantium.', '<p>Optio et hic animi rem sed quo quidem sed repudiandae. Dolore inventore maxime. Dolores aliquid molestiae qui et quidem unde quo. Dolor ut ex cum. Cum mollitia tenetur voluptatum quo recusandae eos blanditiis. Odio iusto velit qui.</p> <p>Laudantium enim quis neque facere quos dolore qui quaerat maiores. Facere culpa similique aperiam. Et iusto eligendi necessitatibus qui facilis ea aut eum natus. Quia provident tempora dolore voluptatem est dicta. Cum rem laboriosam. Doloribus sunt laudantium quidem in labore nesciunt.</p>', X'70656e64696e67', NULL, '6', NULL, '2019-05-14 21:07:59', '2019-05-14 21:07:59', NULL, '5', '4', '0', '2', X'636c6f736564', 'Bug'),
('191', 'LT', 'Velit modi reiciendis libero perferendis nihil amet error adipisci excepturi.', '<p>Vel error sit et error animi dolor ut et. Ut voluptatem ut laborum veniam eligendi. Ea animi dolorem. Distinctio ut iusto optio quos. Perspiciatis maiores consequatur esse quasi hic. Iste ad et ut nihil voluptas reprehenderit aperiam impedit.</p> <p>Necessitatibus necessitatibus aspernatur adipisci. Possimus quaerat est eum aperiam porro totam mollitia. Et expedita quas rem voluptas facilis. Mollitia sunt dolorem architecto nostrum nostrum voluptates quo unde ullam. Voluptate dicta assumenda.</p>', X'70656e64696e67', NULL, '6', NULL, '2019-05-14 21:07:59', '2019-05-14 21:07:59', NULL, '6', '4', '0', '1', X'636c6f736564', 'Infrastructure'),
('192', 'LT', 'Voluptatem assumenda aut tempore dicta corporis incidunt assumenda autem natus.', '<p>Animi non architecto ea aliquid veniam facilis soluta odit. Numquam consequatur eveniet sapiente nesciunt totam deleniti exercitationem libero. Nemo eius eos. Quidem praesentium vitae ipsa voluptatem dolorem iste veniam incidunt cumque. Dolor atque qui assumenda ea.</p> <p>Quaerat sint omnis dicta fuga harum. Suscipit assumenda delectus vel non. Ut tempora quos aut eius. Saepe non voluptatibus maiores voluptatem. Sint qui cupiditate pariatur qui architecto id cupiditate. Sed ut et aspernatur est qui non distinctio. Dolorum id suscipit ut.</p>', X'70656e64696e67', NULL, '6', NULL, '2019-05-14 21:07:59', '2019-05-14 21:07:59', NULL, '1', '5', '0', '3', X'636c6f736564', 'Bug'),
('193', 'LT', 'Implement frontend state', '<p>Implement the frontend state, using redux:</p><p><br></p><p><img src=\"https://i.ibb.co/6mqjrvK/Picture2.png\"></p><p><br></p><p><a href=\"https://reactjs.org\" target=\"_blank\">Docs on react</a></p>', X'737072696e74', '173', '6', '4', '2019-05-15 06:39:54', '2019-05-15 07:27:40', NULL, '1', '0', '0', '0', X'6f70656e', 'Frontend');

INSERT INTO `users` (`id`, `created_at`, `updated_at`, `deleted_at`, `username`, `email`, `password`, `first_name`, `last_name`, `reset_token`, `active`, `disabled`, `role`) VALUES ('1', '2018-11-20 13:51:37', '2019-05-02 19:53:09', NULL, 'admin', 'tluke@thompsonuk.me', '$2a$11$5IY/tIFoSQ58ZzguWdArBeHy4ynRHCXAG8/SfG4Ylyc1SlFhgrIO6', 'Admin', 'Thompson', '', '1', '0', 'admin'),
('2', '2018-11-20 13:51:37', '2018-11-20 13:51:37', NULL, 'user', 'luke@luket.io', '$2a$11$dnvKMSJo87YuPbjiu3m/ueXKNTqxbiqeWM4DCBd5Xbq92nyNjKVF6', 'User', 'Thompson', NULL, '1', '0', 'user'),
('3', '2018-11-07 19:12:44', '2019-05-02 01:05:42', NULL, 'Luke', 'luke@thompsonuk.me', '$2a$11$dnvKMSJo87YuPbjiu3m/ueXKNTqxbiqeWM4DCBd5Xbq92nyNjKVF6', 'Luke', 'Thompson', '', '1', '0', 'user'),
('4', '2018-11-07 19:12:44', '2019-05-02 01:05:42', NULL, 'James', 'example@thompsonuk.me', '$2a$11$dnvKMSJo87YuPbjiu3m/ueXKNTqxbiqeWM4DCBd5Xbq92nyNjKVF6', 'James', 'Doe', '', '1', '0', 'user'),
('5', '2018-11-07 19:12:44', '2019-05-02 01:05:42', NULL, 'Dave', 'example2@thompsonuk.me', '$2a$11$dnvKMSJo87YuPbjiu3m/ueXKNTqxbiqeWM4DCBd5Xbq92nyNjKVF6', 'Dave', 'Johnson', '', '1', '0', 'user'),
('6', '2018-11-07 19:12:44', '2019-05-02 01:05:42', NULL, 'John', 'john-d@thompsonuk.me', '$2a$11$dnvKMSJo87YuPbjiu3m/ueXKNTqxbiqeWM4DCBd5Xbq92nyNjKVF6', 'John', 'Appleseed', '', '1', '0', 'user');

INSERT INTO `workflow_deps` (`workflow_rule_id`, `destination_workflow`) VALUES ('1', '2'),
('2', '1'),
('2', '4'),
('4', '1'),
('4', '2'),
('4', '3'),
('4', '5'),
('5', '1'),
('5', '2'),
('6', '11'),
('6', '13'),
('8', '9'),
('11', '6'),
('11', '12'),
('11', '13'),
('12', '11'),
('12', '13'),
('12', '14'),
('14', '6'),
('14', '11'),
('14', '12');

INSERT INTO `workflow_rules` (`id`, `created_at`, `updated_at`, `deleted_at`, `name`, `max_items`, `order`, `status`) VALUES ('6', '2019-04-29 00:00:20', '2019-04-30 19:44:07', NULL, 'New', '0', '0', X'6f70656e'),
('7', '2019-04-29 00:00:26', '2019-04-29 00:00:30', '2019-04-29 00:00:54', 'New Rules', '0', '0', X'6f70656e'),
('8', '2019-04-29 00:08:04', '2019-04-29 03:04:07', '2019-04-29 03:06:12', 'test rule', '0', '1', X'6f70656e'),
('9', '2019-04-29 00:09:32', '2019-04-29 03:04:07', '2019-04-29 03:06:10', 'New Rule', '0', '1', X'696e2d70726f6772657373'),
('10', '2019-04-29 03:05:55', '2019-04-29 03:05:55', '2019-04-29 03:06:07', 'New Rule', '0', '2', X'696e2d70726f6772657373'),
('11', '2019-04-29 03:06:44', '2019-05-02 19:58:41', NULL, 'In Progress', '0', '2', X'696e2d70726f6772657373'),
('12', '2019-04-29 03:06:50', '2019-05-02 19:58:41', NULL, 'QA', '2', '3', X'696e2d70726f6772657373'),
('13', '2019-04-29 03:06:55', '2019-05-02 19:58:41', NULL, 'Completed', '0', '4', X'636c6f736564'),
('14', '2019-04-29 03:06:55', '2019-05-02 19:58:41', NULL, 'QA Fail', '3', '1', X'696e2d70726f6772657373');




/*!40103 SET TIME_ZONE=@OLD_TIME_ZONE */;
/*!40101 SET SQL_MODE=@OLD_SQL_MODE */;
/*!40014 SET FOREIGN_KEY_CHECKS=@OLD_FOREIGN_KEY_CHECKS */;
/*!40014 SET UNIQUE_CHECKS=@OLD_UNIQUE_CHECKS */;
/*!40101 SET CHARACTER_SET_CLIENT=@OLD_CHARACTER_SET_CLIENT */;
/*!40101 SET CHARACTER_SET_RESULTS=@OLD_CHARACTER_SET_RESULTS */;
/*!40101 SET COLLATION_CONNECTION=@OLD_COLLATION_CONNECTION */;
/*!40111 SET SQL_NOTES=@OLD_SQL_NOTES */;